"STATION","NAME","DATE","TAVG","TMAX","TMIN"
"USW00023272","SAN FRANCISCO DOWNTOWN, CA US","2024-01-01",,"15.0","8.9"
"USW00023272","SAN FRANCISCO DOWNTOWN, CA US","2024-01-02",,"16.1","8.9"
"USW00023272","SAN FRANCISCO DOWNTOWN, CA US","2024-01-03",,"13.3","8.9"
"USW00023272","SAN FRANCISCO DOWNTOWN, CA US","2024-01-04",,"16.1","8.3"
"USW00023272","SAN FRANCISCO DOWNTOWN, CA US","2024-01-05",,"16.7","10.0"
"USW00023272","SAN FRANCISCO DOWNTOWN, CA US","2024-01-06",,"12.8","8.3"
"USW00023272","SAN FRANCISCO DOWNTOWN, CA US","2024-01-07",,"12.8","5.6"
"USW00023272","SAN FRANCISCO DOWNTOWN, CA US","2024-01-08",,"13.3","6.7"
"USW00023272","SAN FRANCISCO DOWNTOWN, CA US","2024-01-09",,"13.9","8.9"
"USW00023272","SAN FRANCISCO DOWNTOWN, CA US","2024-01-10",,"13.3","7.2"
"USW00023272","SAN FRANCISCO DOWNTOWN, CA US","2024-01-11",,"12.8","6.1"
"USW00023272","SAN FRANCISCO DOWNTOWN, CA US","2024-01-12",,"12.2","6.7"
"USW00023272","SAN FRANCISCO DOWNTOWN, CA US","2024-01-13",,"12.8","8.9"
"USW00023272","SAN FRANCISCO DOWNTOWN, CA US","2024-01-14",,"15.0","9.4"
"USW00023272","SAN FRANCISCO DOWNTOWN, CA US","2024-01-15",,"15.0","9.4"
"USW00023272","SAN FRANCISCO DOWNTOWN, CA US","2024-01-16",,"13.9","9.4"
"USW00023272","SAN FRANCISCO DOWNTOWN, CA US","2024-01-17",,"15.0","10.6"
"USW00023272","SAN FRANCISCO DOWNTOWN, CA US","2024-01-18",,"14.4","9.4"
"USW00023272","SAN FRANCISCO DOWNTOWN, CA US","2024-01-19",,"13.3","10.6"
"USW00023272","SAN FRANCISCO DOWNTOWN, CA US","2024-01-20",,"14.4","11.7"
"USW00023272","SAN FRANCISCO DOWNTOWN, CA US","2024-01-21",,"16.1","11.7"
"USW00023272","SAN FRANCISCO DOWNTOWN, CA US","2024-01-22",,"15.0","11.7"
"USW00023272","SAN FRANCISCO DOWNTOWN, CA US","2024-01-23",,"15.6","11.1"
"USW00023272","SAN FRANCISCO DOWNTOWN, CA US","2024-01-24",,"15.0","11.1"
"USW00023272","SAN FRANCISCO DOWNTOWN, CA US","2024-01-25",,"15.6","10.0"
"USW00023272","SAN FRANCISCO DOWNTOWN, CA US","2024-01-26",,"16.7","11.1"
"USW00023272","SAN FRANCISCO DOWNTOWN, CA US","2024-01-27",,"17.2","11.1"
"USW00023272","SAN FRANCISCO DOWNTOWN, CA US","2024-01-28",,"20.0","13.3"
"USW00023272","SAN FRANCISCO DOWNTOWN, CA US","2024-01-29",,"22.8","11.7"
"USW00023272","SAN FRANCISCO DOWNTOWN, CA US","2024-01-30",,"18.9","12.2"
"USW00023272","SAN FRANCISCO DOWNTOWN, CA US","2024-01-31",,"15.6","11.7"
"USW00023272","SAN FRANCISCO DOWNTOWN, CA US","2024-02-01",,"15.6","9.4"
"USW00023272","SAN FRANCISCO DOWNTOWN, CA US","2024-02-02",,"14.4","9.4"
"USW00023272","SAN FRANCISCO DOWNTOWN, CA US","2024-02-03",,"12.8","8.9"
"USW00023272","SAN FRANCISCO DOWNTOWN, CA US","2024-02-04",,"16.1","8.3"
"USW00023272","SAN FRANCISCO DOWNTOWN, CA US","2024-02-05",,"13.9","10.0"
"USW00023272","SAN FRANCISCO DOWNTOWN, CA US","2024-02-06",,"13.9","8.3"
"USW00023272","SAN FRANCISCO DOWNTOWN, CA US","2024-02-07",,"11.7","8.9"
"USW00023272","SAN FRANCISCO DOWNTOWN, CA US","2024-02-08",,"12.8","6.1"
"USW00023272","SAN FRANCISCO DOWNTOWN, CA US","2024-02-09",,"13.9","7.2"
"USW00023272","SAN FRANCISCO DOWNTOWN, CA US","2024-02-10",,"16.7","8.3"
"USW00023272","SAN FRANCISCO DOWNTOWN, CA US","2024-02-11",,"15.0","8.9"
"USW00023272","SAN FRANCISCO DOWNTOWN, CA US","2024-02-12",,"15.6","8.3"
"USW00023272","SAN FRANCISCO DOWNTOWN, CA US","2024-02-13",,"14.4","9.4"
"USW00023272","SAN FRANCISCO DOWNTOWN, CA US","2024-02-14",,"14.4","10.6"
"USW00023272","SAN FRANCISCO DOWNTOWN, CA US","2024-02-15",,"15.0","10.6"
"USW00023272","SAN FRANCISCO DOWNTOWN, CA US","2024-02-16",,"15.6","11.1"
"USW00023272","SAN FRANCISCO DOWNTOWN, CA US","2024-02-17",,"14.4","11.7"
"USW00023272","SAN FRANCISCO DOWNTOWN, CA US","2024-02-18",,"17.8","10.6"
"USW00023272","SAN FRANCISCO DOWNTOWN, CA US","2024-02-19",,"16.7","11.7"
"USW00023272","SAN FRANCISCO DOWNTOWN, CA US","2024-02-20",,"14.4","10.6"
"USW00023272","SAN FRANCISCO DOWNTOWN, CA US","2024-02-21",,"15.6","8.9"
"USW00023272","SAN FRANCISCO DOWNTOWN, CA US","2024-02-22",,"16.1","10.0"
"USW00023272","SAN FRANCISCO DOWNTOWN, CA US","2024-02-23",,"18.9","10.0"
"USW00023272","SAN FRANCISCO DOWNTOWN, CA US","2024-02-24",,"21.7","11.7"
"USW00023272","SAN FRANCISCO DOWNTOWN, CA US","2024-02-25",,"17.2","11.7"
"USW00023272","SAN FRANCISCO DOWNTOWN, CA US","2024-02-26",,"16.7","10.6"
"USW00023272","SAN FRANCISCO DOWNTOWN, CA US","2024-02-27",,"16.1","8.3"
"USW00023272","SAN FRANCISCO DOWNTOWN, CA US","2024-02-28",,"18.9","8.9"
"USW00023272","SAN FRANCISCO DOWNTOWN, CA US","2024-02-29",,"15.0","10.6"
"USW00023272","SAN FRANCISCO DOWNTOWN, CA US","2024-03-01",,"13.9","9.4"
"USW00023272","SAN FRANCISCO DOWNTOWN, CA US","2024-03-02",,"12.2","6.7"
"USW00023272","SAN FRANCISCO DOWNTOWN, CA US","2024-03-03",,"12.8","7.2"
"USW00023272","SAN FRANCISCO DOWNTOWN, CA US","2024-03-04",,"14.4","7.8"
"USW00023272","SAN FRANCISCO DOWNTOWN, CA US","2024-03-05",,"15.6","9.4"
"USW00023272","SAN FRANCISCO DOWNTOWN, CA US","2024-03-06",,"13.9","10.0"
"USW00023272","SAN FRANCISCO DOWNTOWN, CA US","2024-03-07",,"15.6","9.4"
"USW00023272","SAN FRANCISCO DOWNTOWN, CA US","2024-03-08",,"18.3","8.3"
"USW00023272","SAN FRANCISCO DOWNTOWN, CA US","2024-03-09",,"15.6","10.6"
"USW00023272","SAN FRANCISCO DOWNTOWN, CA US","2024-03-10",,"16.7","11.1"
"USW00023272","SAN FRANCISCO DOWNTOWN, CA US","2024-03-11",,"15.0","8.9"
"USW00023272","SAN FRANCISCO DOWNTOWN, CA US","2024-03-12",,"15.6","10.0"
"USW00023272","SAN FRANCISCO DOWNTOWN, CA US","2024-03-13",,"16.1","8.9"
"USW00023272","SAN FRANCISCO DOWNTOWN, CA US","2024-03-14",,"20.0","13.9"
"USW00023272","SAN FRANCISCO DOWNTOWN, CA US","2024-03-15",,"22.8","15.6"
"USW00023272","SAN FRANCISCO DOWNTOWN, CA US","2024-03-16",,"19.4","11.7"
"USW00023272","SAN FRANCISCO DOWNTOWN, CA US","2024-03-17",,"16.1","9.4"
"USW00023272","SAN FRANCISCO DOWNTOWN, CA US","2024-03-18",,"15.6","10.6"
"USW00023272","SAN FRANCISCO DOWNTOWN, CA US","2024-03-19",,"15.6","10.0"
"USW00023272","SAN FRANCISCO DOWNTOWN, CA US","2024-03-20",,"15.6","9.4"
"USW00023272","SAN FRANCISCO DOWNTOWN, CA US","2024-03-21",,"18.3","11.1"
"USW00023272","SAN FRANCISCO DOWNTOWN, CA US","2024-03-22",,"18.3","10.6"
"USW00023272","SAN FRANCISCO DOWNTOWN, CA US","2024-03-23",,"15.0","10.6"
"USW00023272","SAN FRANCISCO DOWNTOWN, CA US","2024-03-24",,"14.4","9.4"
"USW00023272","SAN FRANCISCO DOWNTOWN, CA US","2024-03-25",,"13.9","10.0"
"USW00023272","SAN FRANCISCO DOWNTOWN, CA US","2024-03-26",,"15.6","9.4"
"USW00023272","SAN FRANCISCO DOWNTOWN, CA US","2024-03-27",,"15.0","10.6"
"USW00023272","SAN FRANCISCO DOWNTOWN, CA US","2024-03-28",,"16.1","10.6"
"USW00023272","SAN FRANCISCO DOWNTOWN, CA US","2024-03-29",,"11.7","9.4"
"USW00023272","SAN FRANCISCO DOWNTOWN, CA US","2024-03-30",,"16.7","9.4"
"USW00023272","SAN FRANCISCO DOWNTOWN, CA US","2024-03-31",,"16.7","10.6"
"USW00023272","SAN FRANCISCO DOWNTOWN, CA US","2024-04-01",,"20.6","9.4"
"USW00023272","SAN FRANCISCO DOWNTOWN, CA US","2024-04-02",,"18.3","10.6"
"USW00023272","SAN FRANCISCO DOWNTOWN, CA US","2024-04-03",,"15.0","9.4"
"USW00023272","SAN FRANCISCO DOWNTOWN, CA US","2024-04-04",,"12.2","5.6"
"USW00023272","SAN FRANCISCO DOWNTOWN, CA US","2024-04-05",,"12.2","6.1"
"USW00023272","SAN FRANCISCO DOWNTOWN, CA US","2024-04-06",,"14.4","7.2"
"USW00023272","SAN FRANCISCO DOWNTOWN, CA US","2024-04-07",,"14.4","8.3"
"USW00023272","SAN FRANCISCO DOWNTOWN, CA US","2024-04-08",,"17.8","8.3"
"USW00023272","SAN FRANCISCO DOWNTOWN, CA US","2024-04-09",,"19.4","10.0"
"USW00023272","SAN FRANCISCO DOWNTOWN, CA US","2024-04-10",,"22.2","9.4"
"USW00023272","SAN FRANCISCO DOWNTOWN, CA US","2024-04-11",,"18.3","10.0"
"USW00023272","SAN FRANCISCO DOWNTOWN, CA US","2024-04-12",,"14.4","10.0"
"USW00023272","SAN FRANCISCO DOWNTOWN, CA US","2024-04-13",,"12.8","7.8"
"USW00023272","SAN FRANCISCO DOWNTOWN, CA US","2024-04-14",,"14.4","7.8"
"USW00023272","SAN FRANCISCO DOWNTOWN, CA US","2024-04-15",,"15.6","8.9"
"USW00023272","SAN FRANCISCO DOWNTOWN, CA US","2024-04-16",,"19.4","9.4"
"USW00023272","SAN FRANCISCO DOWNTOWN, CA US","2024-04-17",,"22.8","11.1"
"USW00023272","SAN FRANCISCO DOWNTOWN, CA US","2024-04-18",,"21.1","10.6"
"USW00023272","SAN FRANCISCO DOWNTOWN, CA US","2024-04-19",,"16.1","10.6"
"USW00023272","SAN FRANCISCO DOWNTOWN, CA US","2024-04-20",,"16.7","10.6"
"USW00023272","SAN FRANCISCO DOWNTOWN, CA US","2024-04-21",,"20.0","11.1"
"USW00023272","SAN FRANCISCO DOWNTOWN, CA US","2024-04-22",,"16.7","11.7"
"USW00023272","SAN FRANCISCO DOWNTOWN, CA US","2024-04-23",,"15.6","12.2"
"USW00023272","SAN FRANCISCO DOWNTOWN, CA US","2024-04-24",,"16.7","11.1"
"USW00023272","SAN FRANCISCO DOWNTOWN, CA US","2024-04-25",,"15.6","11.1"
"USW00023272","SAN FRANCISCO DOWNTOWN, CA US","2024-04-26",,"15.6","11.1"
"USW00023272","SAN FRANCISCO DOWNTOWN, CA US","2024-04-27",,"16.7","10.0"
"USW00023272","SAN FRANCISCO DOWNTOWN, CA US","2024-04-28",,"16.7","10.6"
"USW00023272","SAN FRANCISCO DOWNTOWN, CA US","2024-04-29",,"17.2","10.6"
"USW00023272","SAN FRANCISCO DOWNTOWN, CA US","2024-04-30",,"17.2","8.9"
"USW00023272","SAN FRANCISCO DOWNTOWN, CA US","2024-05-01",,"20.0","9.4"
"USW00023272","SAN FRANCISCO DOWNTOWN, CA US","2024-05-02",,"18.3","11.1"
"USW00023272","SAN FRANCISCO DOWNTOWN, CA US","2024-05-03",,"20.0","10.0"
"USW00023272","SAN FRANCISCO DOWNTOWN, CA US","2024-05-04",,"12.8","8.3"
"USW00023272","SAN FRANCISCO DOWNTOWN, CA US","2024-05-05",,"13.9","8.3"
"USW00023272","SAN FRANCISCO DOWNTOWN, CA US","2024-05-06",,"15.6","8.9"
"USW00023272","SAN FRANCISCO DOWNTOWN, CA US","2024-05-07",,"17.8","9.4"
"USW00023272","SAN FRANCISCO DOWNTOWN, CA US","2024-05-08",,"25.6","11.1"
"USW00023272","SAN FRANCISCO DOWNTOWN, CA US","2024-05-09",,"27.2","12.2"
"USW00023272","SAN FRANCISCO DOWNTOWN, CA US","2024-05-10",,"25.6","12.2"
"USW00023272","SAN FRANCISCO DOWNTOWN, CA US","2024-05-11",,"18.9","11.1"
"USW00023272","SAN FRANCISCO DOWNTOWN, CA US","2024-05-12",,"15.6","10.0"
"USW00023272","SAN FRANCISCO DOWNTOWN, CA US","2024-05-13",,"15.0","10.0"
"USW00023272","SAN FRANCISCO DOWNTOWN, CA US","2024-05-14",,"16.7","10.0"
"USW00023272","SAN FRANCISCO DOWNTOWN, CA US","2024-05-15",,"16.1","10.6"
"USW00023272","SAN FRANCISCO DOWNTOWN, CA US","2024-05-16",,"17.2","11.7"
"USW00023272","SAN FRANCISCO DOWNTOWN, CA US","2024-05-17",,"17.2","10.6"
"USW00023272","SAN FRANCISCO DOWNTOWN, CA US","2024-05-18",,"16.7","11.7"
"USW00023272","SAN FRANCISCO DOWNTOWN, CA US","2024-05-19",,"16.7","10.6"
"USW00023272","SAN FRANCISCO DOWNTOWN, CA US","2024-05-20",,"18.3","10.0"
"USW00023272","SAN FRANCISCO DOWNTOWN, CA US","2024-05-21",,"20.6","10.6"
"USW00023272","SAN FRANCISCO DOWNTOWN, CA US","2024-05-22",,"19.4","11.1"
"USC00503605","HIDDEN FALLS HATCHERY, AK US","2024-01-01",,"5.6","-0.6"
"USC00503605","HIDDEN FALLS HATCHERY, AK US","2024-01-02",,"8.9","-0.6"
"USC00503605","HIDDEN FALLS HATCHERY, AK US","2024-01-03",,"2.2","0.0"
"USC00503605","HIDDEN FALLS HATCHERY, AK US","2024-01-04",,"5.0","1.1"
"USC00503605","HIDDEN FALLS HATCHERY, AK US","2024-01-05",,"2.8","1.1"
"USC00503605","HIDDEN FALLS HATCHERY, AK US","2024-01-06",,"2.8","0.0"
"USC00503605","HIDDEN FALLS HATCHERY, AK US","2024-01-07",,"2.8","-1.1"
"USC00503605","HIDDEN FALLS HATCHERY, AK US","2024-01-08",,"2.8","-1.1"
"USC00503605","HIDDEN FALLS HATCHERY, AK US","2024-01-09",,"2.8","-3.3"
"USC00503605","HIDDEN FALLS HATCHERY, AK US","2024-01-10",,"0.6","-3.9"
"USC00503605","HIDDEN FALLS HATCHERY, AK US","2024-01-11",,"-2.8","-10.0"
"USC00503605","HIDDEN FALLS HATCHERY, AK US","2024-01-12",,"-7.2","-10.6"
"USC00503605","HIDDEN FALLS HATCHERY, AK US","2024-01-13",,"-5.0","-7.8"
"USC00503605","HIDDEN FALLS HATCHERY, AK US","2024-01-14",,"0.0","-5.0"
"USC00503605","HIDDEN FALLS HATCHERY, AK US","2024-01-15",,"2.2","-5.6"
"USC00503605","HIDDEN FALLS HATCHERY, AK US","2024-01-16",,"1.7","0.0"
"USC00503605","HIDDEN FALLS HATCHERY, AK US","2024-01-17",,"2.2","-2.8"
"USC00503605","HIDDEN FALLS HATCHERY, AK US","2024-01-18",,"2.2","-3.3"
"USC00503605","HIDDEN FALLS HATCHERY, AK US","2024-01-19",,"-1.7","-5.0"
"USC00503605","HIDDEN FALLS HATCHERY, AK US","2024-01-20",,"-0.6","-4.4"
"USC00503605","HIDDEN FALLS HATCHERY, AK US","2024-01-21",,"-1.7","-2.8"
"USC00503605","HIDDEN FALLS HATCHERY, AK US","2024-01-22",,"-2.2","-3.3"
"USC00503605","HIDDEN FALLS HATCHERY, AK US","2024-01-23",,"0.0","-2.8"
"USC00503605","HIDDEN FALLS HATCHERY, AK US","2024-01-24",,"0.6","-0.6"
"USC00503605","HIDDEN FALLS HATCHERY, AK US","2024-01-25",,"0.6","0.0"
"USC00503605","HIDDEN FALLS HATCHERY, AK US","2024-01-26",,"1.7","0.0"
"USC00503605","HIDDEN FALLS HATCHERY, AK US","2024-01-27",,"5.0","1.1"
"USC00503605","HIDDEN FALLS HATCHERY, AK US","2024-01-28",,"6.7","0.6"
"USC00503605","HIDDEN FALLS HATCHERY, AK US","2024-01-29",,"17.2","6.1"
"USC00503605","HIDDEN FALLS HATCHERY, AK US","2024-01-30",,"17.2","3.3"
"USC00503605","HIDDEN FALLS HATCHERY, AK US","2024-01-31",,"4.4","-1.1"
"USC00503605","HIDDEN FALLS HATCHERY, AK US","2024-02-01",,"3.9","-0.6"
"USC00503605","HIDDEN FALLS HATCHERY, AK US","2024-02-02",,"0.6","-5.0"
"USC00503605","HIDDEN FALLS HATCHERY, AK US","2024-02-03",,"-1.7","-5.6"
"USC00503605","HIDDEN FALLS HATCHERY, AK US","2024-02-04",,"-1.7","-5.6"
"USC00503605","HIDDEN FALLS HATCHERY, AK US","2024-02-05",,"1.7","-1.7"
"USC00503605","HIDDEN FALLS HATCHERY, AK US","2024-02-06",,"2.2","-0.6"
"USC00503605","HIDDEN FALLS HATCHERY, AK US","2024-02-07",,"1.7","-3.3"
"USC00503605","HIDDEN FALLS HATCHERY, AK US","2024-02-08",,"-0.6","-3.3"
"USC00503605","HIDDEN FALLS HATCHERY, AK US","2024-02-09",,"1.1","-1.1"
"USC00503605","HIDDEN FALLS HATCHERY, AK US","2024-02-10",,"1.7","0.0"
"USC00503605","HIDDEN FALLS HATCHERY, AK US","2024-02-11",,"3.9","-0.6"
"USC00503605","HIDDEN FALLS HATCHERY, AK US","2024-02-12",,"4.4","-0.6"
"USC00503605","HIDDEN FALLS HATCHERY, AK US","2024-02-13",,"2.2","-1.7"
"USC00503605","HIDDEN FALLS HATCHERY, AK US","2024-02-14",,"2.2","-2.2"
"USC00503605","HIDDEN FALLS HATCHERY, AK US","2024-02-15",,"0.6","-3.3"
"USC00503605","HIDDEN FALLS HATCHERY, AK US","2024-02-16",,"1.1","-3.3"
"USC00503605","HIDDEN FALLS HATCHERY, AK US","2024-02-17",,"0.6","-2.8"
"USC00503605","HIDDEN FALLS HATCHERY, AK US","2024-02-18",,"2.2","0.6"
"USC00503605","HIDDEN FALLS HATCHERY, AK US","2024-02-19",,"4.4","0.0"
"USC00503605","HIDDEN FALLS HATCHERY, AK US","2024-02-20",,"4.4","-0.6"
"USC00503605","HIDDEN FALLS HATCHERY, AK US","2024-02-21",,"4.4","-0.6"
"USC00503605","HIDDEN FALLS HATCHERY, AK US","2024-02-22",,"4.4","-0.6"
"USC00503605","HIDDEN FALLS HATCHERY, AK US","2024-02-23",,"5.0","0.0"
"USC00503605","HIDDEN FALLS HATCHERY, AK US","2024-02-24",,"2.2","-1.7"
"USC00503605","HIDDEN FALLS HATCHERY, AK US","2024-02-25",,"1.7","-2.2"
"USC00503605","HIDDEN FALLS HATCHERY, AK US","2024-02-26",,"1.1","-4.4"
"USC00503605","HIDDEN FALLS HATCHERY, AK US","2024-02-27",,"1.1","-6.1"
"USC00503605","HIDDEN FALLS HATCHERY, AK US","2024-02-28",,"0.6","-4.4"
"USC00503605","HIDDEN FALLS HATCHERY, AK US","2024-02-29",,"1.1","-3.3"
"USC00503605","HIDDEN FALLS HATCHERY, AK US","2024-03-01",,"-0.6","-6.1"
"USC00503605","HIDDEN FALLS HATCHERY, AK US","2024-03-02",,"-1.7","-7.2"
"USC00503605","HIDDEN FALLS HATCHERY, AK US","2024-03-03",,"-6.7","-12.8"
"USC00503605","HIDDEN FALLS HATCHERY, AK US","2024-03-04",,"-5.0","-12.2"
"USC00503605","HIDDEN FALLS HATCHERY, AK US","2024-03-05",,"-4.4","-12.2"
"USC00503605","HIDDEN FALLS HATCHERY, AK US","2024-03-06",,"-1.1","-4.4"
"USC00503605","HIDDEN FALLS HATCHERY, AK US","2024-03-07",,"1.7","-2.2"
"USC00503605","HIDDEN FALLS HATCHERY, AK US","2024-03-08",,"3.9","0.0"
"USC00503605","HIDDEN FALLS HATCHERY, AK US","2024-03-09",,"4.4","0.0"
"USC00503605","HIDDEN FALLS HATCHERY, AK US","2024-03-10",,"3.9","-0.6"
"USC00503605","HIDDEN FALLS HATCHERY, AK US","2024-03-11",,"1.7","-0.6"
"USC00503605","HIDDEN FALLS HATCHERY, AK US","2024-03-12",,"2.2","0.0"
"USC00503605","HIDDEN FALLS HATCHERY, AK US","2024-03-13",,"5.0","-0.6"
"USC00503605","HIDDEN FALLS HATCHERY, AK US","2024-03-14",,"5.0","-0.6"
"USC00503605","HIDDEN FALLS HATCHERY, AK US","2024-03-15",,"6.7","1.1"
"USC00503605","HIDDEN FALLS HATCHERY, AK US","2024-03-16",,"7.2","1.7"
"USC00503605","HIDDEN FALLS HATCHERY, AK US","2024-03-17",,"7.8","1.7"
"USC00503605","HIDDEN FALLS HATCHERY, AK US","2024-03-18",,"6.7","1.7"
"USC00503605","HIDDEN FALLS HATCHERY, AK US","2024-03-19",,"5.6","1.7"
"USC00503605","HIDDEN FALLS HATCHERY, AK US","2024-03-20",,"8.9","0.0"
"USC00503605","HIDDEN FALLS HATCHERY, AK US","2024-03-21",,"8.3","-0.6"
"USC00503605","HIDDEN FALLS HATCHERY, AK US","2024-03-22",,"7.2","-1.1"
"USC00503605","HIDDEN FALLS HATCHERY, AK US","2024-03-23",,"6.7","-1.1"
"USC00503605","HIDDEN FALLS HATCHERY, AK US","2024-03-24",,"6.7","-1.1"
"USC00503605","HIDDEN FALLS HATCHERY, AK US","2024-03-25",,"7.8","-1.1"
"USC00503605","HIDDEN FALLS HATCHERY, AK US","2024-03-26",,"7.2","2.2"
"USC00503605","HIDDEN FALLS HATCHERY, AK US","2024-03-27",,"6.7","1.7"
"USC00503605","HIDDEN FALLS HATCHERY, AK US","2024-03-28",,"7.8","-0.6"
"USC00503605","HIDDEN FALLS HATCHERY, AK US","2024-03-29",,"8.9","-0.6"
"USC00503605","HIDDEN FALLS HATCHERY, AK US","2024-03-30",,"7.2","0.0"
"USC00503605","HIDDEN FALLS HATCHERY, AK US","2024-03-31",,"7.8","0.6"
"USC00505519","LITTLE PORT WALTER, AK US","2024-01-01",,"3.9","1.1"
"USC00505519","LITTLE PORT WALTER, AK US","2024-01-02",,"5.0","1.1"
"USC00505519","LITTLE PORT WALTER, AK US","2024-01-03",,"3.3","2.2"
"USC00505519","LITTLE PORT WALTER, AK US","2024-01-04",,"6.7","2.2"
"USC00505519","LITTLE PORT WALTER, AK US","2024-01-05",,"5.0","1.1"
"USC00505519","LITTLE PORT WALTER, AK US","2024-01-06",,"3.9","-1.7"
"USC00505519","LITTLE PORT WALTER, AK US","2024-01-07",,"0.6","-1.7"
"USC00505519","LITTLE PORT WALTER, AK US","2024-01-08",,"1.7","0.0"
"USC00505519","LITTLE PORT WALTER, AK US","2024-01-09",,"1.1","-1.7"
"USC00505519","LITTLE PORT WALTER, AK US","2024-01-10",,"1.1","-1.7"
"USC00505519","LITTLE PORT WALTER, AK US","2024-01-11",,"-0.6","-7.2"
"USC00505519","LITTLE PORT WALTER, AK US","2024-01-12",,"-5.6","-8.9"
"USC00505519","LITTLE PORT WALTER, AK US","2024-01-13",,"-4.4","-8.9"
"USC00505519","LITTLE PORT WALTER, AK US","2024-01-14",,"0.0","-5.0"
"USC00505519","LITTLE PORT WALTER, AK US","2024-01-15",,"1.7","0.0"
"USC00505519","LITTLE PORT WALTER, AK US","2024-01-16",,"1.7","0.0"
"USC00505519","LITTLE PORT WALTER, AK US","2024-01-17",,"3.9","0.0"
"USC00505519","LITTLE PORT WALTER, AK US","2024-01-18",,"2.2","-1.1"
"USC00505519","LITTLE PORT WALTER, AK US","2024-01-19",,"0.0","-0.6"
"USC00505519","LITTLE PORT WALTER, AK US","2024-01-20",,"0.0","-2.2"
"USC00505519","LITTLE PORT WALTER, AK US","2024-01-21",,"-1.1","-6.7"
"USC00505519","LITTLE PORT WALTER, AK US","2024-01-22",,"0.0","-1.7"
"USC00505519","LITTLE PORT WALTER, AK US","2024-01-23",,"0.6","-2.2"
"USC00505519","LITTLE PORT WALTER, AK US","2024-01-24",,"3.9","-0.6"
"USC00505519","LITTLE PORT WALTER, AK US","2024-01-25",,"3.9","1.1"
"USC00505519","LITTLE PORT WALTER, AK US","2024-01-26",,"4.4","0.0"
"USC00505519","LITTLE PORT WALTER, AK US","2024-01-27",,"8.9","-3.3"
"USC00505519","LITTLE PORT WALTER, AK US","2024-01-28",,"6.1","1.1"
"USC00505519","LITTLE PORT WALTER, AK US","2024-01-29",,"10.0","4.4"
"USC00505519","LITTLE PORT WALTER, AK US","2024-01-30",,"8.3","3.3"
"USC00505519","LITTLE PORT WALTER, AK US","2024-01-31",,"3.3","0.6"
"USC00505519","LITTLE PORT WALTER, AK US","2024-02-01",,"2.2","-4.4"
"USC00505519","LITTLE PORT WALTER, AK US","2024-02-02",,"2.2","-4.4"
"USC00505519","LITTLE PORT WALTER, AK US","2024-02-03",,"0.6","-3.3"
"USC00505519","LITTLE PORT WALTER, AK US","2024-02-04",,"2.8","-3.3"
"USC00505519","LITTLE PORT WALTER, AK US","2024-02-05",,"2.8","-2.8"
"USC00505519","LITTLE PORT WALTER, AK US","2024-02-06",,"3.9","-1.7"
"USC00505519","LITTLE PORT WALTER, AK US","2024-02-07",,"2.8","-2.8"
"USC00505519","LITTLE PORT WALTER, AK US","2024-02-08",,"2.8","-2.8"
"USC00505519","LITTLE PORT WALTER, AK US","2024-02-09",,"1.7","0.0"
"USC00505519","LITTLE PORT WALTER, AK US","2024-02-10",,"2.8","-1.1"
"USC00505519","LITTLE PORT WALTER, AK US","2024-02-11",,"5.0","-1.1"
"USC00505519","LITTLE PORT WALTER, AK US","2024-02-12",,"5.6","0.0"
"USC00505519","LITTLE PORT WALTER, AK US","2024-02-13",,"6.1","-1.7"
"USC00505519","LITTLE PORT WALTER, AK US","2024-02-14",,"6.1","-2.8"
"USC00505519","LITTLE PORT WALTER, AK US","2024-02-15",,"6.1","-2.2"
"USC00505519","LITTLE PORT WALTER, AK US","2024-02-16",,"5.6","-2.2"
"USC00505519","LITTLE PORT WALTER, AK US","2024-02-17",,"6.7","-2.2"
"USC00505519","LITTLE PORT WALTER, AK US","2024-02-18",,"6.7","-2.2"
"USC00505519","LITTLE PORT WALTER, AK US","2024-02-19",,"6.7","-2.2"
"USC00505519","LITTLE PORT WALTER, AK US","2024-02-20",,"6.1","-0.6"
"USC00505519","LITTLE PORT WALTER, AK US","2024-02-21",,"5.0","1.1"
"USC00505519","LITTLE PORT WALTER, AK US","2024-02-22",,"5.0","0.0"
"USC00505519","LITTLE PORT WALTER, AK US","2024-02-23",,"5.6","0.6"
"USC00505519","LITTLE PORT WALTER, AK US","2024-02-24",,"2.8","-0.6"
"USC00505519","LITTLE PORT WALTER, AK US","2024-02-25",,"2.8","-2.2"
"USC00505519","LITTLE PORT WALTER, AK US","2024-02-26",,"1.7","-5.0"
"USC00505519","LITTLE PORT WALTER, AK US","2024-02-27",,"0.0","-5.0"
"USC00505519","LITTLE PORT WALTER, AK US","2024-02-28",,"0.0","-2.2"
"USC00505519","LITTLE PORT WALTER, AK US","2024-02-29",,"1.7","-0.6"
"USC00505519","LITTLE PORT WALTER, AK US","2024-03-01",,"0.0","-2.8"
"USC00505519","LITTLE PORT WALTER, AK US","2024-03-02",,"0.0","-5.0"
"USC00505519","LITTLE PORT WALTER, AK US","2024-03-03",,"-2.8","-8.3"
"USC00505519","LITTLE PORT WALTER, AK US","2024-03-04",,"-5.0","-10.0"
"USC00505519","LITTLE PORT WALTER, AK US","2024-03-05",,"-2.8","-7.8"
"USC00505519","LITTLE PORT WALTER, AK US","2024-03-06",,"0.6","-4.4"
"USC00505519","LITTLE PORT WALTER, AK US","2024-03-07",,"2.2","-0.6"
"USC00505519","LITTLE PORT WALTER, AK US","2024-03-08",,"5.6","0.0"
"USC00505519","LITTLE PORT WALTER, AK US","2024-03-09",,"5.6","0.0"
"USC00505519","LITTLE PORT WALTER, AK US","2024-03-10",,"5.6","0.6"
"USC00505519","LITTLE PORT WALTER, AK US","2024-03-11",,"3.3","-0.6"
"USC00505519","LITTLE PORT WALTER, AK US","2024-03-12",,"4.4","0.0"
"USC00505519","LITTLE PORT WALTER, AK US","2024-03-13",,"3.3","0.0"
"USC00505519","LITTLE PORT WALTER, AK US","2024-03-14",,"8.9","0.6"
"USC00505519","LITTLE PORT WALTER, AK US","2024-03-15",,"6.7","2.2"
"USC00505519","LITTLE PORT WALTER, AK US","2024-03-16",,"7.2","2.2"
"USC00505519","LITTLE PORT WALTER, AK US","2024-03-17",,"7.8","2.8"
"USC00505519","LITTLE PORT WALTER, AK US","2024-03-18",,"7.2","2.2"
"USC00505519","LITTLE PORT WALTER, AK US","2024-03-19",,"5.6","1.1"
"USC00505519","LITTLE PORT WALTER, AK US","2024-03-20",,"8.9","0.6"
"USC00505519","LITTLE PORT WALTER, AK US","2024-03-21",,"10.6","-0.6"
"USC00505519","LITTLE PORT WALTER, AK US","2024-03-22",,"7.8","-1.1"
"USC00505519","LITTLE PORT WALTER, AK US","2024-03-23",,"8.3","-1.1"
"USC00505519","LITTLE PORT WALTER, AK US","2024-03-24",,"7.8","-1.1"
"USC00505519","LITTLE PORT WALTER, AK US","2024-03-25",,"7.2","0.6"
"USC00505519","LITTLE PORT WALTER, AK US","2024-03-26",,"7.2","2.2"
"USC00505519","LITTLE PORT WALTER, AK US","2024-03-27",,"7.2","2.8"
"USC00505519","LITTLE PORT WALTER, AK US","2024-03-28",,"8.3","0.6"
"USC00505519","LITTLE PORT WALTER, AK US","2024-03-29",,"10.6","0.0"
"USC00505519","LITTLE PORT WALTER, AK US","2024-03-30",,"8.9","2.8"
"USC00505519","LITTLE PORT WALTER, AK US","2024-03-31",,"6.7","3.3"
"USC00505519","LITTLE PORT WALTER, AK US","2024-04-01",,"7.2","0.6"
"USC00505519","LITTLE PORT WALTER, AK US","2024-04-07",,,
"USC00505519","LITTLE PORT WALTER, AK US","2024-04-08",,"5.6","1.1"
"USC00505519","LITTLE PORT WALTER, AK US","2024-04-09",,"4.4","0.6"
"USC00505519","LITTLE PORT WALTER, AK US","2024-04-10",,"6.7","3.3"
"USC00505519","LITTLE PORT WALTER, AK US","2024-04-13",,"5.0","1.1"
"USC00505519","LITTLE PORT WALTER, AK US","2024-04-14",,"6.7","0.0"
"USC00505519","LITTLE PORT WALTER, AK US","2024-04-15",,"6.7","-1.7"
"USC00505519","LITTLE PORT WALTER, AK US","2024-04-16",,"9.4","-1.1"
"USC00505519","LITTLE PORT WALTER, AK US","2024-04-17",,"8.3","-0.6"
"USC00505519","LITTLE PORT WALTER, AK US","2024-04-18",,"8.9","1.1"
"USC00505519","LITTLE PORT WALTER, AK US","2024-04-19",,"12.8","2.2"
"USC00505519","LITTLE PORT WALTER, AK US","2024-04-20",,"13.3","1.1"
"USC00505519","LITTLE PORT WALTER, AK US","2024-04-21",,"11.1","4.4"
"USC00505519","LITTLE PORT WALTER, AK US","2024-04-22",,"12.2","2.8"
"USC00505519","LITTLE PORT WALTER, AK US","2024-04-23",,"8.3","4.4"
"USC00505519","LITTLE PORT WALTER, AK US","2024-04-24",,"8.9","2.2"
"USC00505519","LITTLE PORT WALTER, AK US","2024-04-25",,"10.6","3.9"
"USC00505519","LITTLE PORT WALTER, AK US","2024-04-26",,"9.4","2.2"
"USC00505519","LITTLE PORT WALTER, AK US","2024-04-27",,"11.1","3.3"
"USC00505519","LITTLE PORT WALTER, AK US","2024-04-28",,"8.3","3.9"
"USC00505519","LITTLE PORT WALTER, AK US","2024-04-29",,"8.3","0.6"
"USC00505519","LITTLE PORT WALTER, AK US","2024-04-30",,"11.1","2.2"
"USC00505519","LITTLE PORT WALTER, AK US","2024-05-01",,"11.7","2.2"
"USC00505519","LITTLE PORT WALTER, AK US","2024-05-02",,"10.6","1.7"
"USC00505519","LITTLE PORT WALTER, AK US","2024-05-03",,"12.8","5.6"
"USC00505519","LITTLE PORT WALTER, AK US","2024-05-04",,"16.7","4.4"
"USC00505519","LITTLE PORT WALTER, AK US","2024-05-05",,"14.4","6.7"
"USC00505519","LITTLE PORT WALTER, AK US","2024-05-06",,"9.4","2.2"
"USC00505519","LITTLE PORT WALTER, AK US","2024-05-07",,"8.3","3.3"
"USC00505519","LITTLE PORT WALTER, AK US","2024-05-08",,"7.8","5.0"
"USC00505519","LITTLE PORT WALTER, AK US","2024-05-09",,"8.9","5.6"
"USC00505519","LITTLE PORT WALTER, AK US","2024-05-10",,"10.0","4.4"
"USC00505519","LITTLE PORT WALTER, AK US","2024-05-11",,"10.0","2.2"
"USC00505519","LITTLE PORT WALTER, AK US","2024-05-12",,"10.6","5.6"
"USC00505519","LITTLE PORT WALTER, AK US","2024-05-13",,"6.7","5.6"
"USC00505519","LITTLE PORT WALTER, AK US","2024-05-14",,"8.3","2.2"
"USC00505519","LITTLE PORT WALTER, AK US","2024-05-15",,"7.8","4.4"
"USC00505519","LITTLE PORT WALTER, AK US","2024-05-16",,"10.0","3.3"
"USC00505519","LITTLE PORT WALTER, AK US","2024-05-17",,"12.8","5.6"
"USC00505519","LITTLE PORT WALTER, AK US","2024-05-18",,"10.6","3.3"
"USC00505519","LITTLE PORT WALTER, AK US","2024-05-19",,"11.1","3.9"
"USC00505519","LITTLE PORT WALTER, AK US","2024-05-20",,"8.3","3.3"
"USC00505519","LITTLE PORT WALTER, AK US","2024-05-21",,"8.3","2.2"
"USC00505519","LITTLE PORT WALTER, AK US","2024-05-22",,"11.7","3.9"
"USC00505519","LITTLE PORT WALTER, AK US","2024-05-23",,"11.1","3.3"
"USR0000CHNM","HUNTER MOUNTAIN CALIFORNIA, CA US","2024-01-01","0.0","7.2","-4.4"
"USR0000CHNM","HUNTER MOUNTAIN CALIFORNIA, CA US","2024-01-02","0.2","6.1","-5.0"
"USR0000CHNM","HUNTER MOUNTAIN CALIFORNIA, CA US","2024-01-03","0.1","4.4","-1.7"
"USR0000CHNM","HUNTER MOUNTAIN CALIFORNIA, CA US","2024-01-04","-0.2","3.9","-3.3"
"USR0000CHNM","HUNTER MOUNTAIN CALIFORNIA, CA US","2024-01-05","0.7","5.6","-3.9"
"USR0000CHNM","HUNTER MOUNTAIN CALIFORNIA, CA US","2024-01-06","-1.7","1.7","-6.1"
"USR0000CHNM","HUNTER MOUNTAIN CALIFORNIA, CA US","2024-01-07","-6.1","-1.7","-8.3"
"USR0000CHNM","HUNTER MOUNTAIN CALIFORNIA, CA US","2024-01-08","-4.4","0.6","-8.9"
"USR0000CHNM","HUNTER MOUNTAIN CALIFORNIA, CA US","2024-01-09","3.2","12.8","-3.9"
"USR0000CHNM","HUNTER MOUNTAIN CALIFORNIA, CA US","2024-01-10","0.1","6.1","-7.2"
"USR0000CHNM","HUNTER MOUNTAIN CALIFORNIA, CA US","2024-01-11","-4.0","2.8","-8.9"
"USR0000CHNM","HUNTER MOUNTAIN CALIFORNIA, CA US","2024-01-12","1.0","7.8","-6.7"
"USR0000CHNM","HUNTER MOUNTAIN CALIFORNIA, CA US","2024-01-13","3.4","8.9","-1.7"
"USR0000CHNM","HUNTER MOUNTAIN CALIFORNIA, CA US","2024-01-14","4.0","12.2","-2.2"
"USR0000CHNM","HUNTER MOUNTAIN CALIFORNIA, CA US","2024-01-15","1.6","9.4","-2.2"
"USR0000CHNM","HUNTER MOUNTAIN CALIFORNIA, CA US","2024-01-16","3.6","11.1","-3.9"
"USR0000CHNM","HUNTER MOUNTAIN CALIFORNIA, CA US","2024-01-17","4.2","9.4","-0.6"
"USR0000CHNM","HUNTER MOUNTAIN CALIFORNIA, CA US","2024-01-18","3.8","11.7","-1.7"
"USR0000CHNM","HUNTER MOUNTAIN CALIFORNIA, CA US","2024-01-19","4.6","9.4","1.1"
"USR0000CHNM","HUNTER MOUNTAIN CALIFORNIA, CA US","2024-01-20","2.3","3.3","1.1"
"USR0000CHNM","HUNTER MOUNTAIN CALIFORNIA, CA US","2024-01-21","1.9","5.6","0.0"
"USR0000CHNM","HUNTER MOUNTAIN CALIFORNIA, CA US","2024-01-22","0.8","1.7","0.0"
"USR0000CHNM","HUNTER MOUNTAIN CALIFORNIA, CA US","2024-01-23","1.7","6.7","-1.7"
"USR0000CHNM","HUNTER MOUNTAIN CALIFORNIA, CA US","2024-01-24","1.7","5.6","-1.7"
"USR0000CHNM","HUNTER MOUNTAIN CALIFORNIA, CA US","2024-01-25","2.3","7.8","-2.2"
"USR0000CHNM","HUNTER MOUNTAIN CALIFORNIA, CA US","2024-01-26","2.5","8.9","-2.2"
"USR0000CHNM","HUNTER MOUNTAIN CALIFORNIA, CA US","2024-01-27","6.3","15.0","-0.6"
"USR0000CHNM","HUNTER MOUNTAIN CALIFORNIA, CA US","2024-01-28","7.1","15.0","1.7"
"USR0000CHNM","HUNTER MOUNTAIN CALIFORNIA, CA US","2024-01-29","7.0","15.0","1.1"
"USR0000CHNM","HUNTER MOUNTAIN CALIFORNIA, CA US","2024-01-30","6.7","13.3","-0.6"
"USR0000CHNM","HUNTER MOUNTAIN CALIFORNIA, CA US","2024-01-31","5.7","8.9","1.7"
"USR0000CHNM","HUNTER MOUNTAIN CALIFORNIA, CA US","2024-02-01","-1.1","1.1","-2.2"
"USR0000CHNM","HUNTER MOUNTAIN CALIFORNIA, CA US","2024-02-02","0.3","3.3","-2.8"
"USR0000CHNM","HUNTER MOUNTAIN CALIFORNIA, CA US","2024-02-03","-1.5","3.9","-8.9"
"USR0000CHNM","HUNTER MOUNTAIN CALIFORNIA, CA US","2024-02-04","-1.2","0.0","-2.8"
"USR0000CHNM","HUNTER MOUNTAIN CALIFORNIA, CA US","2024-02-05","0.3","1.1","-1.1"
"USR0000CHNM","HUNTER MOUNTAIN CALIFORNIA, CA US","2024-02-06","-0.9","0.6","-1.7"
"USR0000CHNM","HUNTER MOUNTAIN CALIFORNIA, CA US","2024-02-07","-2.1","0.6","-4.4"
"USR0000CHNM","HUNTER MOUNTAIN CALIFORNIA, CA US","2024-02-08","-1.6","1.1","-3.3"
"USR0000CHNM","HUNTER MOUNTAIN CALIFORNIA, CA US","2024-02-09","-3.2","0.6","-8.9"
"USR0000CHNM","HUNTER MOUNTAIN CALIFORNIA, CA US","2024-02-10","-5.1","-1.1","-7.8"
"USR0000CHNM","HUNTER MOUNTAIN CALIFORNIA, CA US","2024-02-11","-2.4","6.1","-8.3"
"USR0000CHNM","HUNTER MOUNTAIN CALIFORNIA, CA US","2024-02-12","0.8","12.2","-6.7"
"USR0000CHNM","HUNTER MOUNTAIN CALIFORNIA, CA US","2024-02-13","0.7","6.7","-6.7"
"USR0000CHNM","HUNTER MOUNTAIN CALIFORNIA, CA US","2024-02-14","0.9","5.0","-4.4"
"USR0000CHNM","HUNTER MOUNTAIN CALIFORNIA, CA US","2024-02-15","3.2","12.2","-2.2"
"USR0000CHNM","HUNTER MOUNTAIN CALIFORNIA, CA US","2024-02-16","2.7","10.6","-3.3"
"USR0000CHNM","HUNTER MOUNTAIN CALIFORNIA, CA US","2024-02-17","3.6","7.2","0.0"
"USR0000CHNM","HUNTER MOUNTAIN CALIFORNIA, CA US","2024-02-18","3.4","6.7","-2.2"
"USR0000CHNM","HUNTER MOUNTAIN CALIFORNIA, CA US","2024-02-19","3.0","3.3","2.2"
"USR0000CHNM","HUNTER MOUNTAIN CALIFORNIA, CA US","2024-02-20","2.0","2.8","0.6"
"USR0000CHNM","HUNTER MOUNTAIN CALIFORNIA, CA US","2024-02-21","1.7","5.6","-1.1"
"USR0000CHNM","HUNTER MOUNTAIN CALIFORNIA, CA US","2024-02-22","1.7","9.4","-3.3"
"USR0000CHNM","HUNTER MOUNTAIN CALIFORNIA, CA US","2024-02-23","1.2","7.8","-5.0"
"USR0000CHNM","HUNTER MOUNTAIN CALIFORNIA, CA US","2024-02-24","3.8","10.0","-3.3"
"USR0000CHNM","HUNTER MOUNTAIN CALIFORNIA, CA US","2024-02-25","5.2","9.4","-2.8"
"USR0000CHNM","HUNTER MOUNTAIN CALIFORNIA, CA US","2024-02-26","5.7","10.0","2.2"
"USR0000CHNM","HUNTER MOUNTAIN CALIFORNIA, CA US","2024-02-27","3.4","10.6","-2.2"
"USR0000CHNM","HUNTER MOUNTAIN CALIFORNIA, CA US","2024-02-28","3.8","8.9","-3.9"
"USR0000CHNM","HUNTER MOUNTAIN CALIFORNIA, CA US","2024-02-29","4.8","8.9","0.6"
"USR0000CHNM","HUNTER MOUNTAIN CALIFORNIA, CA US","2024-03-01","1.6","6.7","-1.1"
"USR0000CHNM","HUNTER MOUNTAIN CALIFORNIA, CA US","2024-03-02","-0.4","3.9","-3.3"
"USR0000CHNM","HUNTER MOUNTAIN CALIFORNIA, CA US","2024-03-03","1.3","6.1","-3.3"
"USR0000CHNM","HUNTER MOUNTAIN CALIFORNIA, CA US","2024-03-04","2.3","7.2","-2.2"
"USR0000CHNM","HUNTER MOUNTAIN CALIFORNIA, CA US","2024-03-05","3.1","8.3","-3.9"
"USR0000CHNM","HUNTER MOUNTAIN CALIFORNIA, CA US","2024-03-06","2.5","7.2","-2.8"
"USR0000CHNM","HUNTER MOUNTAIN CALIFORNIA, CA US","2024-03-07","2.6","7.8","-1.1"
"USR0000CHNM","HUNTER MOUNTAIN CALIFORNIA, CA US","2024-03-08","1.7","8.9","-3.3"
"USR0000CHNM","HUNTER MOUNTAIN CALIFORNIA, CA US","2024-03-09","2.9","7.2","-5.0"
"USR0000CHNM","HUNTER MOUNTAIN CALIFORNIA, CA US","2024-03-10","3.7","6.1","1.7"
"USR0000CHNM","HUNTER MOUNTAIN CALIFORNIA, CA US","2024-03-11","4.7","9.4","-0.6"
"USR0000CHNM","HUNTER MOUNTAIN CALIFORNIA, CA US","2024-03-12","4.7","10.6","-0.6"
"USR0000CHNM","HUNTER MOUNTAIN CALIFORNIA, CA US","2024-03-13","2.5","8.9","-3.3"
"USR0000CHNM","HUNTER MOUNTAIN CALIFORNIA, CA US","2024-03-14","-0.1","5.0","-5.0"
"USR0000CHNM","HUNTER MOUNTAIN CALIFORNIA, CA US","2024-03-15","-1.1","0.6","-2.2"
"USR0000CHNM","HUNTER MOUNTAIN CALIFORNIA, CA US","2024-03-16","1.9","6.7","-0.6"
"USR0000CHNM","HUNTER MOUNTAIN CALIFORNIA, CA US","2024-03-17","3.6","9.4","0.0"
"USR0000CHNM","HUNTER MOUNTAIN CALIFORNIA, CA US","2024-03-18","6.3","12.8","0.0"
"USR0000CHNM","HUNTER MOUNTAIN CALIFORNIA, CA US","2024-03-19","8.2","15.0","-0.6"
"USR0000CHNM","HUNTER MOUNTAIN CALIFORNIA, CA US","2024-03-20","10.6","16.1","5.0"
"USR0000CHNM","HUNTER MOUNTAIN CALIFORNIA, CA US","2024-03-21","10.3","15.0","3.9"
"USR0000CHNM","HUNTER MOUNTAIN CALIFORNIA, CA US","2024-03-22","8.7","12.2","3.9"
"USR0000CHNM","HUNTER MOUNTAIN CALIFORNIA, CA US","2024-03-23","3.1","9.4","-2.2"
"USR0000CHNM","HUNTER MOUNTAIN CALIFORNIA, CA US","2024-03-24","0.7","4.4","-3.9"
"USR0000CHNM","HUNTER MOUNTAIN CALIFORNIA, CA US","2024-03-25","3.4","9.4","-2.2"
"USR0000CHNM","HUNTER MOUNTAIN CALIFORNIA, CA US","2024-03-26","4.7","11.1","-2.2"
"USR0000CHNM","HUNTER MOUNTAIN CALIFORNIA, CA US","2024-03-27","6.2","9.4","1.7"
"USR0000CHNM","HUNTER MOUNTAIN CALIFORNIA, CA US","2024-03-28","5.4","12.2","1.1"
"USR0000CHNM","HUNTER MOUNTAIN CALIFORNIA, CA US","2024-03-29","2.3","6.7","-1.7"
"USR0000CHNM","HUNTER MOUNTAIN CALIFORNIA, CA US","2024-03-30","-1.8","-1.1","-2.2"
"USR0000CHNM","HUNTER MOUNTAIN CALIFORNIA, CA US","2024-03-31","-0.8","2.2","-3.3"
"USR0000CHNM","HUNTER MOUNTAIN CALIFORNIA, CA US","2024-04-01","2.2","7.2","-2.8"
"USR0000CHNM","HUNTER MOUNTAIN CALIFORNIA, CA US","2024-04-02","7.8","15.6","1.1"
"USR0000CHNM","HUNTER MOUNTAIN CALIFORNIA, CA US","2024-04-03","9.0","12.8","3.9"
"USR0000CHNM","HUNTER MOUNTAIN CALIFORNIA, CA US","2024-04-04","2.3","7.8","-5.6"
"USR0000CHNM","HUNTER MOUNTAIN CALIFORNIA, CA US","2024-04-05","-2.7","2.2","-7.2"
"USR0000CHNM","HUNTER MOUNTAIN CALIFORNIA, CA US","2024-04-06","0.6","5.6","-7.8"
"USR0000CHNM","HUNTER MOUNTAIN CALIFORNIA, CA US","2024-04-07","2.0","7.8","-5.0"
"USR0000CHNM","HUNTER MOUNTAIN CALIFORNIA, CA US","2024-04-08","3.8","8.9","-1.1"
"USR0000CHNM","HUNTER MOUNTAIN CALIFORNIA, CA US","2024-04-09","6.7","15.6","-1.7"
"USR0000CHNM","HUNTER MOUNTAIN CALIFORNIA, CA US","2024-04-10","11.2","17.8","2.8"
"USR0000CHNM","HUNTER MOUNTAIN CALIFORNIA, CA US","2024-04-11","13.1","20.0","3.3"
"USR0000CHNM","HUNTER MOUNTAIN CALIFORNIA, CA US","2024-04-12","12.2","16.7","6.1"
"USR0000CHNM","HUNTER MOUNTAIN CALIFORNIA, CA US","2024-04-13","5.3","10.0","-2.2"
"USR0000CHNM","HUNTER MOUNTAIN CALIFORNIA, CA US","2024-04-14","-0.3","3.9","-3.9"
"USR0000CHNM","HUNTER MOUNTAIN CALIFORNIA, CA US","2024-04-15","5.6","14.4","-2.2"
"USR0000CHNM","HUNTER MOUNTAIN CALIFORNIA, CA US","2024-04-16","10.6","16.7","2.2"
"USR0000CHNM","HUNTER MOUNTAIN CALIFORNIA, CA US","2024-04-17","13.6","20.0","3.3"
"USR0000CHNM","HUNTER MOUNTAIN CALIFORNIA, CA US","2024-04-18","12.7","18.3","6.1"
"USR0000CHNM","HUNTER MOUNTAIN CALIFORNIA, CA US","2024-04-19","13.3","20.0","6.1"
"USR0000CHNM","HUNTER MOUNTAIN CALIFORNIA, CA US","2024-04-20","14.7","20.6","5.0"
"USR0000CHNM","HUNTER MOUNTAIN CALIFORNIA, CA US","2024-04-21","16.7","22.2","7.8"
"USR0000CHNM","HUNTER MOUNTAIN CALIFORNIA, CA US","2024-04-22","16.5","21.1","7.8"
"USR0000CHNM","HUNTER MOUNTAIN CALIFORNIA, CA US","2024-04-23","13.2","17.2","8.9"
"USR0000CHNM","HUNTER MOUNTAIN CALIFORNIA, CA US","2024-04-24","10.1","16.1","2.8"
"USR0000CHNM","HUNTER MOUNTAIN CALIFORNIA, CA US","2024-04-25","9.8","16.1","3.9"
"USR0000CHNM","HUNTER MOUNTAIN CALIFORNIA, CA US","2024-04-26","6.0","11.7","1.7"
"USR0000CHNM","HUNTER MOUNTAIN CALIFORNIA, CA US","2024-04-27","8.7","15.6","2.2"
"USR0000CHNM","HUNTER MOUNTAIN CALIFORNIA, CA US","2024-04-28","10.6","16.1","0.6"
"USR0000CHNM","HUNTER MOUNTAIN CALIFORNIA, CA US","2024-04-29","13.1","17.8","8.3"
"USR0000CHNM","HUNTER MOUNTAIN CALIFORNIA, CA US","2024-04-30","12.6","18.9","3.3"
"USR0000CHNM","HUNTER MOUNTAIN CALIFORNIA, CA US","2024-05-01","10.9","17.8","5.0"
"USR0000CHNM","HUNTER MOUNTAIN CALIFORNIA, CA US","2024-05-02","12.3","18.3","3.3"
"USR0000CHNM","HUNTER MOUNTAIN CALIFORNIA, CA US","2024-05-03","13.1","19.4","3.3"
"USR0000CHNM","HUNTER MOUNTAIN CALIFORNIA, CA US","2024-05-04","9.3","14.4","1.7"
"USR0000CHNM","HUNTER MOUNTAIN CALIFORNIA, CA US","2024-05-05","4.3","10.0","-1.1"
"USR0000CHNM","HUNTER MOUNTAIN CALIFORNIA, CA US","2024-05-06","7.7","13.9","-1.1"
"USR0000CHNM","HUNTER MOUNTAIN CALIFORNIA, CA US","2024-05-07","11.5","17.8","4.4"
"USR0000CHNM","HUNTER MOUNTAIN CALIFORNIA, CA US","2024-05-08","7.3","13.3","1.7"
"USR0000CHNM","HUNTER MOUNTAIN CALIFORNIA, CA US","2024-05-09","8.7","15.6","2.2"
"USR0000CHNM","HUNTER MOUNTAIN CALIFORNIA, CA US","2024-05-10","10.0","16.1","2.8"
"USR0000CHNM","HUNTER MOUNTAIN CALIFORNIA, CA US","2024-05-11","12.5","20.0","3.3"
"USR0000CHNM","HUNTER MOUNTAIN CALIFORNIA, CA US","2024-05-12","16.6","22.2","6.7"
"USR0000CHNM","HUNTER MOUNTAIN CALIFORNIA, CA US","2024-05-13","18.1","22.2","12.8"
"USR0000CHNM","HUNTER MOUNTAIN CALIFORNIA, CA US","2024-05-14","16.7","22.8","8.9"
"USR0000CHNM","HUNTER MOUNTAIN CALIFORNIA, CA US","2024-05-15","18.2","25.0","9.4"
"USR0000CHNM","HUNTER MOUNTAIN CALIFORNIA, CA US","2024-05-16","19.2","26.1","11.7"
"USR0000CHNM","HUNTER MOUNTAIN CALIFORNIA, CA US","2024-05-17","19.9","25.0","12.8"
"USR0000CHNM","HUNTER MOUNTAIN CALIFORNIA, CA US","2024-05-18","17.3","23.3","10.6"
"USR0000CHNM","HUNTER MOUNTAIN CALIFORNIA, CA US","2024-05-19","16.1","21.7","6.7"
"USR0000CHNM","HUNTER MOUNTAIN CALIFORNIA, CA US","2024-05-20","13.2","19.4","5.6"
"USR0000CHNM","HUNTER MOUNTAIN CALIFORNIA, CA US","2024-05-21","11.4","18.3","6.1"
"USR0000CHNM","HUNTER MOUNTAIN CALIFORNIA, CA US","2024-05-22","15.3","20.6","7.8"
"USR0000CHNM","HUNTER MOUNTAIN CALIFORNIA, CA US","2024-05-23","13.9","20.0","4.4"
"USR0000CHNM","HUNTER MOUNTAIN CALIFORNIA, CA US","2024-05-24","12.1","18.3","5.0"
"USC00042319","DEATH VALLEY NATIONAL PARK, CA US","2024-01-01",,"18.9","6.7"
"USC00042319","DEATH VALLEY NATIONAL PARK, CA US","2024-01-02",,"16.7","5.0"
"USC00042319","DEATH VALLEY NATIONAL PARK, CA US","2024-01-03",,"20.6","6.7"
"USC00042319","DEATH VALLEY NATIONAL PARK, CA US","2024-01-04",,"21.7","5.6"
"USC00042319","DEATH VALLEY NATIONAL PARK, CA US","2024-01-05",,"21.1","8.3"
"USC00042319","DEATH VALLEY NATIONAL PARK, CA US","2024-01-06",,"16.1","6.7"
"USC00042319","DEATH VALLEY NATIONAL PARK, CA US","2024-01-07",,"16.7","8.9"
"USC00042319","DEATH VALLEY NATIONAL PARK, CA US","2024-01-08",,"17.2","7.8"
"USC00042319","DEATH VALLEY NATIONAL PARK, CA US","2024-01-09",,"11.7","2.8"
"USC00042319","DEATH VALLEY NATIONAL PARK, CA US","2024-01-10",,"20.6","6.7"
"USC00042319","DEATH VALLEY NATIONAL PARK, CA US","2024-01-11",,"16.7","3.3"
"USC00042319","DEATH VALLEY NATIONAL PARK, CA US","2024-01-12",,"12.8","1.7"
"USC00042319","DEATH VALLEY NATIONAL PARK, CA US","2024-01-13",,"15.0","0.0"
"USC00042319","DEATH VALLEY NATIONAL PARK, CA US","2024-01-14",,"17.8","2.2"
"USC00042319","DEATH VALLEY NATIONAL PARK, CA US","2024-01-15",,"15.0","2.8"
"USC00042319","DEATH VALLEY NATIONAL PARK, CA US","2024-01-16",,"16.7","1.1"
"USC00042319","DEATH VALLEY NATIONAL PARK, CA US","2024-01-17",,"16.7","4.4"
"USC00042319","DEATH VALLEY NATIONAL PARK, CA US","2024-01-18",,"17.2","3.3"
"USC00042319","DEATH VALLEY NATIONAL PARK, CA US","2024-01-19",,"20.0","6.1"
"USC00042319","DEATH VALLEY NATIONAL PARK, CA US","2024-01-20",,"18.9","7.8"
"USC00042319","DEATH VALLEY NATIONAL PARK, CA US","2024-01-21",,"20.0","11.7"
"USC00042319","DEATH VALLEY NATIONAL PARK, CA US","2024-01-22",,"15.0","12.8"
"USC00042319","DEATH VALLEY NATIONAL PARK, CA US","2024-01-23",,"20.6","11.7"
"USC00042319","DEATH VALLEY NATIONAL PARK, CA US","2024-01-24",,"17.8","8.9"
"USC00042319","DEATH VALLEY NATIONAL PARK, CA US","2024-01-25",,"21.1","8.9"
"USC00042319","DEATH VALLEY NATIONAL PARK, CA US","2024-01-26",,"23.3","10.6"
"USC00042319","DEATH VALLEY NATIONAL PARK, CA US","2024-01-27",,"21.7","7.8"
"USC00042319","DEATH VALLEY NATIONAL PARK, CA US","2024-01-28",,"23.3","8.3"
"USC00042319","DEATH VALLEY NATIONAL PARK, CA US","2024-01-29",,"24.4","9.4"
"USC00042319","DEATH VALLEY NATIONAL PARK, CA US","2024-01-30",,"25.0","8.9"
"USC00042319","DEATH VALLEY NATIONAL PARK, CA US","2024-01-31",,"22.8","10.0"
"USC00042319","DEATH VALLEY NATIONAL PARK, CA US","2024-02-01",,"22.8","10.6"
"USC00042319","DEATH VALLEY NATIONAL PARK, CA US","2024-02-02",,"19.4","10.0"
"USC00042319","DEATH VALLEY NATIONAL PARK, CA US","2024-02-03",,"20.0","8.3"
"USC00042319","DEATH VALLEY NATIONAL PARK, CA US","2024-02-04",,"14.4","11.1"
"USC00042319","DEATH VALLEY NATIONAL PARK, CA US","2024-02-05",,"14.4","10.6"
"USC00042319","DEATH VALLEY NATIONAL PARK, CA US","2024-02-06",,"14.4","10.6"
"USC00042319","DEATH VALLEY NATIONAL PARK, CA US","2024-02-07",,"17.8","9.4"
"USC00042319","DEATH VALLEY NATIONAL PARK, CA US","2024-02-08",,"16.7","8.9"
"USC00042319","DEATH VALLEY NATIONAL PARK, CA US","2024-02-09",,"16.1","7.2"
"USC00042319","DEATH VALLEY NATIONAL PARK, CA US","2024-02-10",,"18.9","9.4"
"USC00042319","DEATH VALLEY NATIONAL PARK, CA US","2024-02-11",,"18.3","7.8"
"USC00042319","DEATH VALLEY NATIONAL PARK, CA US","2024-02-12",,"18.3","5.6"
"USC00042319","DEATH VALLEY NATIONAL PARK, CA US","2024-02-13",,"18.9","5.6"
"USC00042319","DEATH VALLEY NATIONAL PARK, CA US","2024-02-14",,"18.9","7.2"
"USC00042319","DEATH VALLEY NATIONAL PARK, CA US","2024-02-15",,"22.8","8.9"
"USC00042319","DEATH VALLEY NATIONAL PARK, CA US","2024-02-16",,"21.7","8.9"
"USC00042319","DEATH VALLEY NATIONAL PARK, CA US","2024-02-17",,"23.3","11.1"
"USC00042319","DEATH VALLEY NATIONAL PARK, CA US","2024-02-18",,"23.9","13.3"
"USC00042319","DEATH VALLEY NATIONAL PARK, CA US","2024-02-19",,"24.4","15.6"
"USC00042319","DEATH VALLEY NATIONAL PARK, CA US","2024-02-20",,"22.2","15.6"
"USC00042319","DEATH VALLEY NATIONAL PARK, CA US","2024-02-21",,"23.3","11.7"
"USC00042319","DEATH VALLEY NATIONAL PARK, CA US","2024-02-22",,"23.9","11.1"
"USC00042319","DEATH VALLEY NATIONAL PARK, CA US","2024-02-23",,"25.6","11.7"
"USC00042319","DEATH VALLEY NATIONAL PARK, CA US","2024-02-24",,"25.6","12.2"
"USC00042319","DEATH VALLEY NATIONAL PARK, CA US","2024-02-25",,"25.0","10.6"
"USC00042319","DEATH VALLEY NATIONAL PARK, CA US","2024-02-26",,"25.6","12.2"
"USC00042319","DEATH VALLEY NATIONAL PARK, CA US","2024-02-27",,"25.6","14.4"
"USC00042319","DEATH VALLEY NATIONAL PARK, CA US","2024-02-28",,"26.1","13.3"
"USC00042319","DEATH VALLEY NATIONAL PARK, CA US","2024-02-29",,"27.2","10.0"
"USC00042319","DEATH VALLEY NATIONAL PARK, CA US","2024-03-01",,"25.6","16.7"
"USC00042319","DEATH VALLEY NATIONAL PARK, CA US","2024-03-02",,"24.4","17.2"
"USC00042319","DEATH VALLEY NATIONAL PARK, CA US","2024-03-03",,"24.4","15.0"
"USC00042319","DEATH VALLEY NATIONAL PARK, CA US","2024-03-04",,"23.3","13.3"
"USC00042319","DEATH VALLEY NATIONAL PARK, CA US","2024-03-05",,"23.3","11.7"
"USC00042319","DEATH VALLEY NATIONAL PARK, CA US","2024-03-06",,"25.0","10.0"
"USC00042319","DEATH VALLEY NATIONAL PARK, CA US","2024-03-07",,"26.1","16.1"
"USC00042319","DEATH VALLEY NATIONAL PARK, CA US","2024-03-08",,"26.7","15.6"
"USC00042319","DEATH VALLEY NATIONAL PARK, CA US","2024-03-09",,"24.4","9.4"
"USC00042319","DEATH VALLEY NATIONAL PARK, CA US","2024-03-10",,"22.8","10.0"
"USC00042319","DEATH VALLEY NATIONAL PARK, CA US","2024-03-11",,"26.1","12.2"
"USC00042319","DEATH VALLEY NATIONAL PARK, CA US","2024-03-12",,"25.0","17.2"
"USC00042319","DEATH VALLEY NATIONAL PARK, CA US","2024-03-13",,"27.2","15.0"
"USC00042319","DEATH VALLEY NATIONAL PARK, CA US","2024-03-14",,"25.0","13.9"
"USC00042319","DEATH VALLEY NATIONAL PARK, CA US","2024-03-15",,"20.0","13.9"
"USC00042319","DEATH VALLEY NATIONAL PARK, CA US","2024-03-16",,"18.9","11.7"
"USC00042319","DEATH VALLEY NATIONAL PARK, CA US","2024-03-17",,"24.4","11.7"
"USC00042319","DEATH VALLEY NATIONAL PARK, CA US","2024-03-18",,"32.2","12.2"
"USC00042319","DEATH VALLEY NATIONAL PARK, CA US","2024-03-19",,"30.6","14.4"
"USC00042319","DEATH VALLEY NATIONAL PARK, CA US","2024-03-20",,"31.1","13.9"
"USC00042319","DEATH VALLEY NATIONAL PARK, CA US","2024-03-21",,"31.7","16.7"
"USC00042319","DEATH VALLEY NATIONAL PARK, CA US","2024-03-22",,"31.1","20.6"
"USC00042319","DEATH VALLEY NATIONAL PARK, CA US","2024-03-23",,"27.8","17.2"
"USC00042319","DEATH VALLEY NATIONAL PARK, CA US","2024-03-24",,"22.8","14.4"
"USC00042319","DEATH VALLEY NATIONAL PARK, CA US","2024-03-25",,"25.0","12.8"
"USC00042319","DEATH VALLEY NATIONAL PARK, CA US","2024-03-26",,"27.2","15.6"
"USC00042319","DEATH VALLEY NATIONAL PARK, CA US","2024-03-27",,"29.4","13.9"
"USC00042319","DEATH VALLEY NATIONAL PARK, CA US","2024-03-28",,"30.6","20.0"
"USC00042319","DEATH VALLEY NATIONAL PARK, CA US","2024-03-29",,"26.7","17.2"
"USC00042319","DEATH VALLEY NATIONAL PARK, CA US","2024-03-30",,"18.3","12.2"
"USC00042319","DEATH VALLEY NATIONAL PARK, CA US","2024-03-31",,"23.3","9.4"
"USC00042319","DEATH VALLEY NATIONAL PARK, CA US","2024-04-01",,"27.2","11.1"
"USC00042319","DEATH VALLEY NATIONAL PARK, CA US","2024-04-02",,"31.1","17.8"
"USC00042319","DEATH VALLEY NATIONAL PARK, CA US","2024-04-03",,"31.7","14.4"
"USC00042319","DEATH VALLEY NATIONAL PARK, CA US","2024-04-04",,"29.4","15.0"
"USC00042319","DEATH VALLEY NATIONAL PARK, CA US","2024-04-05",,"21.1","12.2"
"USC00042319","DEATH VALLEY NATIONAL PARK, CA US","2024-04-06",,"22.8","10.6"
"USC00042319","DEATH VALLEY NATIONAL PARK, CA US","2024-04-07",,"22.8","10.6"
"USC00042319","DEATH VALLEY NATIONAL PARK, CA US","2024-04-08",,"29.4","17.2"
"USC00042319","DEATH VALLEY NATIONAL PARK, CA US","2024-04-09",,"31.7","18.3"
"USC00042319","DEATH VALLEY NATIONAL PARK, CA US","2024-04-10",,"33.9","15.0"
"USC00042319","DEATH VALLEY NATIONAL PARK, CA US","2024-04-11",,"35.6","18.3"
"USC00042319","DEATH VALLEY NATIONAL PARK, CA US","2024-04-12",,"36.7","18.3"
"USC00042319","DEATH VALLEY NATIONAL PARK, CA US","2024-04-13",,"30.0","20.0"
"USC00042319","DEATH VALLEY NATIONAL PARK, CA US","2024-04-14",,"25.0","15.0"
"USC00042319","DEATH VALLEY NATIONAL PARK, CA US","2024-04-15",,"27.8","11.7"
"USC00042319","DEATH VALLEY NATIONAL PARK, CA US","2024-04-16",,"33.3","15.0"
"USC00042319","DEATH VALLEY NATIONAL PARK, CA US","2024-04-17",,"35.6","19.4"
"USC00042319","DEATH VALLEY NATIONAL PARK, CA US","2024-04-18",,"35.0","20.6"
"USC00042319","DEATH VALLEY NATIONAL PARK, CA US","2024-04-19",,"36.1","21.7"
"USC00042319","DEATH VALLEY NATIONAL PARK, CA US","2024-04-20",,"38.3","22.2"
"USC00042319","DEATH VALLEY NATIONAL PARK, CA US","2024-04-21",,"39.4","21.7"
"USC00042319","DEATH VALLEY NATIONAL PARK, CA US","2024-04-22",,"40.6","22.2"
"USC00042319","DEATH VALLEY NATIONAL PARK, CA US","2024-04-23",,"37.2","26.1"
"USC00042319","DEATH VALLEY NATIONAL PARK, CA US","2024-04-24",,"34.4","22.8"
"USC00042319","DEATH VALLEY NATIONAL PARK, CA US","2024-04-25",,"33.3","21.7"
"USC00042319","DEATH VALLEY NATIONAL PARK, CA US","2024-04-26",,"26.1","16.7"
"USC00042319","DEATH VALLEY NATIONAL PARK, CA US","2024-04-27",,"32.8","18.3"
"USC00042319","DEATH VALLEY NATIONAL PARK, CA US","2024-04-28",,"34.4","20.0"
"USC00042319","DEATH VALLEY NATIONAL PARK, CA US","2024-04-29",,"35.0","23.9"
"USC00042319","DEATH VALLEY NATIONAL PARK, CA US","2024-04-30",,"36.7","21.1"
"USC00042319","DEATH VALLEY NATIONAL PARK, CA US","2024-05-01",,"35.6","24.4"
"USC00042319","DEATH VALLEY NATIONAL PARK, CA US","2024-05-02",,"35.6","21.1"
"USC00042319","DEATH VALLEY NATIONAL PARK, CA US","2024-05-03",,"37.2","21.1"
"USC00042319","DEATH VALLEY NATIONAL PARK, CA US","2024-05-04",,"33.9","21.7"
"USC00042319","DEATH VALLEY NATIONAL PARK, CA US","2024-05-05",,"28.3","18.9"
"USC00042319","DEATH VALLEY NATIONAL PARK, CA US","2024-05-06",,"31.1","14.4"
"USC00042319","DEATH VALLEY NATIONAL PARK, CA US","2024-05-07",,"35.6","17.2"
"USC00042319","DEATH VALLEY NATIONAL PARK, CA US","2024-05-08",,"30.6","20.6"
"USC00042319","DEATH VALLEY NATIONAL PARK, CA US","2024-05-09",,"34.4","20.0"
"USC00042319","DEATH VALLEY NATIONAL PARK, CA US","2024-05-10",,"33.9","21.7"
"USC00042319","DEATH VALLEY NATIONAL PARK, CA US","2024-05-11",,"37.8","21.7"
"USC00042319","DEATH VALLEY NATIONAL PARK, CA US","2024-05-12",,"40.6","23.9"
"USC00042319","DEATH VALLEY NATIONAL PARK, CA US","2024-05-13",,,
"USC00042319","DEATH VALLEY NATIONAL PARK, CA US","2024-05-14",,"41.1","28.3"
"USC00042319","DEATH VALLEY NATIONAL PARK, CA US","2024-05-15",,"42.2","26.7"
"USC00042319","DEATH VALLEY NATIONAL PARK, CA US","2024-05-16",,"43.3","28.3"
"USC00042319","DEATH VALLEY NATIONAL PARK, CA US","2024-05-17",,"42.8","30.0"
"USC00042319","DEATH VALLEY NATIONAL PARK, CA US","2024-05-18",,"40.6","30.0"
"USC00042319","DEATH VALLEY NATIONAL PARK, CA US","2024-05-19",,"40.0","27.8"
"USC00042319","DEATH VALLEY NATIONAL PARK, CA US","2024-05-20",,"37.8","26.7"
"USC00042319","DEATH VALLEY NATIONAL PARK, CA US","2024-05-21",,"35.6","25.6"
"USC00042319","DEATH VALLEY NATIONAL PARK, CA US","2024-05-22",,"40.0","23.3"
"USW00053139","STOVEPIPE WELLS 1 SW, CA US","2024-01-01",,"17.8","6.1"
"USW00053139","STOVEPIPE WELLS 1 SW, CA US","2024-01-02",,"16.0","5.6"
"USW00053139","STOVEPIPE WELLS 1 SW, CA US","2024-01-03",,"18.1","6.4"
"USW00053139","STOVEPIPE WELLS 1 SW, CA US","2024-01-04",,"20.7","12.1"
"USW00053139","STOVEPIPE WELLS 1 SW, CA US","2024-01-05",,"20.6","7.3"
"USW00053139","STOVEPIPE WELLS 1 SW, CA US","2024-01-06",,"14.3","6.8"
"USW00053139","STOVEPIPE WELLS 1 SW, CA US","2024-01-07",,"15.8","9.2"
"USW00053139","STOVEPIPE WELLS 1 SW, CA US","2024-01-08",,"15.6","6.3"
"USW00053139","STOVEPIPE WELLS 1 SW, CA US","2024-01-09",,"11.1","1.5"
"USW00053139","STOVEPIPE WELLS 1 SW, CA US","2024-01-10",,"12.0","-3.2"
"USW00053139","STOVEPIPE WELLS 1 SW, CA US","2024-01-11",,"15.3","5.0"
"USW00053139","STOVEPIPE WELLS 1 SW, CA US","2024-01-12",,"11.2","2.1"
"USW00053139","STOVEPIPE WELLS 1 SW, CA US","2024-01-13",,"13.2","0.0"
"USW00053139","STOVEPIPE WELLS 1 SW, CA US","2024-01-14",,"16.2","1.3"
"USW00053139","STOVEPIPE WELLS 1 SW, CA US","2024-01-15",,"14.3","3.8"
"USW00053139","STOVEPIPE WELLS 1 SW, CA US","2024-01-16",,"15.2","1.5"
"USW00053139","STOVEPIPE WELLS 1 SW, CA US","2024-01-17",,"15.9","4.4"
"USW00053139","STOVEPIPE WELLS 1 SW, CA US","2024-01-18",,"17.1","3.2"
"USW00053139","STOVEPIPE WELLS 1 SW, CA US","2024-01-19",,"17.4","7.1"
"USW00053139","STOVEPIPE WELLS 1 SW, CA US","2024-01-20",,"18.9","7.5"
"USW00053139","STOVEPIPE WELLS 1 SW, CA US","2024-01-21",,"18.1","11.1"
"USW00053139","STOVEPIPE WELLS 1 SW, CA US","2024-01-22",,"15.1","12.3"
"USW00053139","STOVEPIPE WELLS 1 SW, CA US","2024-01-23",,"18.5","9.7"
"USW00053139","STOVEPIPE WELLS 1 SW, CA US","2024-01-24",,"16.7","8.7"
"USW00053139","STOVEPIPE WELLS 1 SW, CA US","2024-01-25",,"19.4","9.2"
"USW00053139","STOVEPIPE WELLS 1 SW, CA US","2024-01-26",,"21.1","7.2"
"USW00053139","STOVEPIPE WELLS 1 SW, CA US","2024-01-27",,"21.1","8.1"
"USW00053139","STOVEPIPE WELLS 1 SW, CA US","2024-01-28",,"22.3","9.0"
"USW00053139","STOVEPIPE WELLS 1 SW, CA US","2024-01-29",,"23.6","10.1"
"USW00053139","STOVEPIPE WELLS 1 SW, CA US","2024-01-30",,"23.4","8.9"
"USW00053139","STOVEPIPE WELLS 1 SW, CA US","2024-01-31",,"20.3","10.7"
"USW00053139","STOVEPIPE WELLS 1 SW, CA US","2024-02-01",,"21.4","10.8"
"USW00053139","STOVEPIPE WELLS 1 SW, CA US","2024-02-02",,"17.1","9.6"
"USW00053139","STOVEPIPE WELLS 1 SW, CA US","2024-02-03",,"17.3","7.5"
"USW00053139","STOVEPIPE WELLS 1 SW, CA US","2024-02-04",,"13.8","10.4"
"USW00053139","STOVEPIPE WELLS 1 SW, CA US","2024-02-05",,"13.5","10.4"
"USW00053139","STOVEPIPE WELLS 1 SW, CA US","2024-02-06",,"13.3","10.4"
"USW00053139","STOVEPIPE WELLS 1 SW, CA US","2024-02-07",,"14.5","9.5"
"USW00053139","STOVEPIPE WELLS 1 SW, CA US","2024-02-08",,"14.4","9.5"
"USW00053139","STOVEPIPE WELLS 1 SW, CA US","2024-02-09",,"14.5","7.2"
"USW00053139","STOVEPIPE WELLS 1 SW, CA US","2024-02-10",,"17.7","9.9"
"USW00053139","STOVEPIPE WELLS 1 SW, CA US","2024-02-11",,"16.4","7.0"
"USW00053139","STOVEPIPE WELLS 1 SW, CA US","2024-02-12",,"16.6","5.5"
"USW00053139","STOVEPIPE WELLS 1 SW, CA US","2024-02-13",,"16.9","6.8"
"USW00053139","STOVEPIPE WELLS 1 SW, CA US","2024-02-14",,"17.6","7.9"
"USW00053139","STOVEPIPE WELLS 1 SW, CA US","2024-02-15",,,
"USW00053139","STOVEPIPE WELLS 1 SW, CA US","2024-02-16",,"20.5","9.7"
"USW00053139","STOVEPIPE WELLS 1 SW, CA US","2024-02-17",,"21.1","11.7"
"USW00053139","STOVEPIPE WELLS 1 SW, CA US","2024-02-18",,"22.6","11.4"
"USW00053139","STOVEPIPE WELLS 1 SW, CA US","2024-02-19",,"23.3","15.0"
"USW00053139","STOVEPIPE WELLS 1 SW, CA US","2024-02-20",,"19.4","15.5"
"USW00053139","STOVEPIPE WELLS 1 SW, CA US","2024-02-21",,"21.6","12.2"
"USW00053139","STOVEPIPE WELLS 1 SW, CA US","2024-02-22",,"22.6","11.6"
"USW00053139","STOVEPIPE WELLS 1 SW, CA US","2024-02-23",,"24.0","11.5"
"USW00053139","STOVEPIPE WELLS 1 SW, CA US","2024-02-24",,"23.7","13.0"
"USW00053139","STOVEPIPE WELLS 1 SW, CA US","2024-02-25",,"24.1","8.9"
"USW00053139","STOVEPIPE WELLS 1 SW, CA US","2024-02-26",,"23.5","11.8"
"USW00053139","STOVEPIPE WELLS 1 SW, CA US","2024-02-27",,"24.4","12.4"
"USW00053139","STOVEPIPE WELLS 1 SW, CA US","2024-02-28",,"24.9","10.9"
"USW00053139","STOVEPIPE WELLS 1 SW, CA US","2024-02-29",,"25.7","11.8"
"USW00053139","STOVEPIPE WELLS 1 SW, CA US","2024-03-01",,"25.8","13.2"
"USW00053139","STOVEPIPE WELLS 1 SW, CA US","2024-03-02",,"24.3","17.9"
"USW00053139","STOVEPIPE WELLS 1 SW, CA US","2024-03-03",,"22.7","13.7"
"USW00053139","STOVEPIPE WELLS 1 SW, CA US","2024-03-04",,"20.8","10.1"
"USW00053139","STOVEPIPE WELLS 1 SW, CA US","2024-03-05",,"21.4","11.7"
"USW00053139","STOVEPIPE WELLS 1 SW, CA US","2024-03-06",,"22.8","11.1"
"USW00053139","STOVEPIPE WELLS 1 SW, CA US","2024-03-07",,"24.6","14.1"
"USW00053139","STOVEPIPE WELLS 1 SW, CA US","2024-03-08",,"24.8","15.8"
"USW00053139","STOVEPIPE WELLS 1 SW, CA US","2024-03-09",,"24.0","11.6"
"USW00053139","STOVEPIPE WELLS 1 SW, CA US","2024-03-10",,"22.3","11.4"
"USW00053139","STOVEPIPE WELLS 1 SW, CA US","2024-03-11",,"25.4","10.9"
"USW00053139","STOVEPIPE WELLS 1 SW, CA US","2024-03-12",,"23.2","15.0"
"USW00053139","STOVEPIPE WELLS 1 SW, CA US","2024-03-13",,"25.8","15.0"
"USW00053139","STOVEPIPE WELLS 1 SW, CA US","2024-03-14",,"23.4","12.8"
"USW00053139","STOVEPIPE WELLS 1 SW, CA US","2024-03-15",,"19.6","11.5"
"USW00053139","STOVEPIPE WELLS 1 SW, CA US","2024-03-16",,"18.0","10.8"
"USW00053139","STOVEPIPE WELLS 1 SW, CA US","2024-03-17",,"22.8","11.6"
"USW00053139","STOVEPIPE WELLS 1 SW, CA US","2024-03-18",,"29.5","12.7"
"USW00053139","STOVEPIPE WELLS 1 SW, CA US","2024-03-19",,"28.8","13.7"
"USW00053139","STOVEPIPE WELLS 1 SW, CA US","2024-03-20",,"29.7","14.2"
"USW00053139","STOVEPIPE WELLS 1 SW, CA US","2024-03-21",,"30.5","15.9"
"USW00053139","STOVEPIPE WELLS 1 SW, CA US","2024-03-22",,"28.9","16.8"
"USW00053139","STOVEPIPE WELLS 1 SW, CA US","2024-03-23",,"28.2","17.8"
"USW00053139","STOVEPIPE WELLS 1 SW, CA US","2024-03-24",,"21.5","11.5"
"USW00053139","STOVEPIPE WELLS 1 SW, CA US","2024-03-25",,"24.9","13.4"
"USW00053139","STOVEPIPE WELLS 1 SW, CA US","2024-03-26",,"25.9","13.1"
"USW00053139","STOVEPIPE WELLS 1 SW, CA US","2024-03-27",,"27.3","14.9"
"USW00053139","STOVEPIPE WELLS 1 SW, CA US","2024-03-28",,"30.5","17.7"
"USW00053139","STOVEPIPE WELLS 1 SW, CA US","2024-03-29",,"25.9","12.6"
"USW00053139","STOVEPIPE WELLS 1 SW, CA US","2024-03-30",,"19.7","11.8"
"USW00053139","STOVEPIPE WELLS 1 SW, CA US","2024-03-31",,"19.4","11.2"
"USW00053139","STOVEPIPE WELLS 1 SW, CA US","2024-04-01",,"26.1","11.7"
"USW00053139","STOVEPIPE WELLS 1 SW, CA US","2024-04-02",,"30.1","16.6"
"USW00053139","STOVEPIPE WELLS 1 SW, CA US","2024-04-03",,"29.8","17.1"
"USW00053139","STOVEPIPE WELLS 1 SW, CA US","2024-04-04",,"28.6","15.6"
"USW00053139","STOVEPIPE WELLS 1 SW, CA US","2024-04-05",,"20.0","11.1"
"USW00053139","STOVEPIPE WELLS 1 SW, CA US","2024-04-06",,"21.7","9.8"
"USW00053139","STOVEPIPE WELLS 1 SW, CA US","2024-04-07",,"24.1","12.0"
"USW00053139","STOVEPIPE WELLS 1 SW, CA US","2024-04-08",,"27.1","17.4"
"USW00053139","STOVEPIPE WELLS 1 SW, CA US","2024-04-09",,"29.4","17.9"
"USW00053139","STOVEPIPE WELLS 1 SW, CA US","2024-04-10",,"32.6","15.0"
"USW00053139","STOVEPIPE WELLS 1 SW, CA US","2024-04-11",,"35.5","19.6"
"USW00053139","STOVEPIPE WELLS 1 SW, CA US","2024-04-12",,"36.7","18.7"
"USW00053139","STOVEPIPE WELLS 1 SW, CA US","2024-04-13",,"30.4","18.6"
"USW00053139","STOVEPIPE WELLS 1 SW, CA US","2024-04-14",,"21.7","14.1"
"USW00053139","STOVEPIPE WELLS 1 SW, CA US","2024-04-15",,"27.6","12.9"
"USW00053139","STOVEPIPE WELLS 1 SW, CA US","2024-04-16",,"32.7","15.9"
"USW00053139","STOVEPIPE WELLS 1 SW, CA US","2024-04-17",,"34.1","18.9"
"USW00053139","STOVEPIPE WELLS 1 SW, CA US","2024-04-18",,"34.8","21.2"
"USW00053139","STOVEPIPE WELLS 1 SW, CA US","2024-04-19",,"35.9","21.0"
"USW00053139","STOVEPIPE WELLS 1 SW, CA US","2024-04-20",,"38.2","21.8"
"USW00053139","STOVEPIPE WELLS 1 SW, CA US","2024-04-21",,"39.5","23.9"
"USW00053139","STOVEPIPE WELLS 1 SW, CA US","2024-04-22",,"40.0","21.7"
"USW00053139","STOVEPIPE WELLS 1 SW, CA US","2024-04-23",,"37.0","22.4"
"USW00053139","STOVEPIPE WELLS 1 SW, CA US","2024-04-24",,"33.7","20.4"
"USW00053139","STOVEPIPE WELLS 1 SW, CA US","2024-04-25",,"32.5","20.7"
"USW00053139","STOVEPIPE WELLS 1 SW, CA US","2024-04-26",,"25.6","19.1"
"USW00053139","STOVEPIPE WELLS 1 SW, CA US","2024-04-27",,"31.4","19.6"
"USW00053139","STOVEPIPE WELLS 1 SW, CA US","2024-04-28",,"33.2","19.0"
"USW00053139","STOVEPIPE WELLS 1 SW, CA US","2024-04-29",,"34.2","20.9"
"USW00053139","STOVEPIPE WELLS 1 SW, CA US","2024-04-30",,"35.7","24.8"
"USW00053139","STOVEPIPE WELLS 1 SW, CA US","2024-05-01",,"34.4","24.8"
"USW00053139","STOVEPIPE WELLS 1 SW, CA US","2024-05-02",,"35.4","20.6"
"USW00053139","STOVEPIPE WELLS 1 SW, CA US","2024-05-03",,"35.8","21.8"
"USW00053139","STOVEPIPE WELLS 1 SW, CA US","2024-05-04",,"33.0","22.0"
"USW00053139","STOVEPIPE WELLS 1 SW, CA US","2024-05-05",,"26.7","18.7"
"USW00053139","STOVEPIPE WELLS 1 SW, CA US","2024-05-06",,"29.3","17.5"
"USW00053139","STOVEPIPE WELLS 1 SW, CA US","2024-05-07",,"33.3","18.2"
"USW00053139","STOVEPIPE WELLS 1 SW, CA US","2024-05-08",,"29.7","20.1"
"USW00053139","STOVEPIPE WELLS 1 SW, CA US","2024-05-09",,"33.0","20.9"
"USW00053139","STOVEPIPE WELLS 1 SW, CA US","2024-05-10",,"31.5","23.8"
"USW00053139","STOVEPIPE WELLS 1 SW, CA US","2024-05-11",,"36.4","20.9"
"USW00053139","STOVEPIPE WELLS 1 SW, CA US","2024-05-12",,"39.4","21.1"
"USW00053139","STOVEPIPE WELLS 1 SW, CA US","2024-05-13",,"40.0","25.5"
"USW00053139","STOVEPIPE WELLS 1 SW, CA US","2024-05-14",,"40.3","25.6"
"USW00053139","STOVEPIPE WELLS 1 SW, CA US","2024-05-15",,"42.0","29.1"
"USW00053139","STOVEPIPE WELLS 1 SW, CA US","2024-05-16",,"41.9","30.0"
"USW00053139","STOVEPIPE WELLS 1 SW, CA US","2024-05-17",,"42.9","27.6"
"USW00053139","STOVEPIPE WELLS 1 SW, CA US","2024-05-18",,"40.8","29.8"
"USW00053139","STOVEPIPE WELLS 1 SW, CA US","2024-05-19",,"39.7","26.8"
"USW00053139","STOVEPIPE WELLS 1 SW, CA US","2024-05-20",,"37.2","27.3"
"USW00053139","STOVEPIPE WELLS 1 SW, CA US","2024-05-21",,"34.3","24.7"
"USW00053139","STOVEPIPE WELLS 1 SW, CA US","2024-05-22",,"39.3","22.8"
"USW00053139","STOVEPIPE WELLS 1 SW, CA US","2024-05-23",,"37.0","25.4"
"USW00025379","SITKA 1 NE, AK US","2024-01-01",,"5.5","-0.2"
"USW00025379","SITKA 1 NE, AK US","2024-01-02",,"6.0","1.2"
"USW00025379","SITKA 1 NE, AK US","2024-01-03",,"7.1","1.6"
"USW00025379","SITKA 1 NE, AK US","2024-01-04",,"4.9","1.3"
"USW00025379","SITKA 1 NE, AK US","2024-01-05",,"2.0","-1.9"
"USW00025379","SITKA 1 NE, AK US","2024-01-06",,"0.8","-2.1"
"USW00025379","SITKA 1 NE, AK US","2024-01-07",,"2.5","-1.0"
"USW00025379","SITKA 1 NE, AK US","2024-01-08",,"1.9","-1.4"
"USW00025379","SITKA 1 NE, AK US","2024-01-09",,"-0.3","-3.5"
"USW00025379","SITKA 1 NE, AK US","2024-01-10",,"-1.8","-6.4"
"USW00025379","SITKA 1 NE, AK US","2024-01-11",,"-5.1","-10.1"
"USW00025379","SITKA 1 NE, AK US","2024-01-12",,"-5.4","-11.4"
"USW00025379","SITKA 1 NE, AK US","2024-01-13",,"-0.7","-5.4"
"USW00025379","SITKA 1 NE, AK US","2024-01-14",,"2.3","-0.7"
"USW00025379","SITKA 1 NE, AK US","2024-01-15",,"2.0","0.3"
"USW00025379","SITKA 1 NE, AK US","2024-01-16",,"0.5","-2.4"
"USW00025379","SITKA 1 NE, AK US","2024-01-17",,"0.6","-2.9"
"USW00025379","SITKA 1 NE, AK US","2024-01-18",,"0.8","-4.6"
"USW00025379","SITKA 1 NE, AK US","2024-01-19",,"1.7","-1.7"
"USW00025379","SITKA 1 NE, AK US","2024-01-20",,"1.0","-0.5"
"USW00025379","SITKA 1 NE, AK US","2024-01-21",,"1.1","-0.5"
"USW00025379","SITKA 1 NE, AK US","2024-01-22",,"4.7","0.9"
"USW00025379","SITKA 1 NE, AK US","2024-01-23",,"4.8","2.4"
"USW00025379","SITKA 1 NE, AK US","2024-01-24",,"4.6","1.4"
"USW00025379","SITKA 1 NE, AK US","2024-01-25",,"4.9","1.0"
"USW00025379","SITKA 1 NE, AK US","2024-01-26",,"7.1","2.1"
"USW00025379","SITKA 1 NE, AK US","2024-01-27",,"7.3","4.6"
"USW00025379","SITKA 1 NE, AK US","2024-01-28",,"10.5","4.6"
"USW00025379","SITKA 1 NE, AK US","2024-01-29",,"8.8","5.6"
"USW00025379","SITKA 1 NE, AK US","2024-01-30",,"6.1","-0.4"
"USW00025379","SITKA 1 NE, AK US","2024-01-31",,"0.3","-0.9"
"USW00025379","SITKA 1 NE, AK US","2024-02-01",,"0.0","-3.2"
"USW00025379","SITKA 1 NE, AK US","2024-02-02",,"-0.9","-5.3"
"USW00025379","SITKA 1 NE, AK US","2024-02-03",,"2.5","-2.4"
"USW00025379","SITKA 1 NE, AK US","2024-02-04",,"2.8","0.7"
"USW00025379","SITKA 1 NE, AK US","2024-02-05",,"3.3","-0.5"
"USW00025379","SITKA 1 NE, AK US","2024-02-06",,"2.6","-2.0"
"USW00025379","SITKA 1 NE, AK US","2024-02-07",,"1.5","-3.6"
"USW00025379","SITKA 1 NE, AK US","2024-02-08",,"2.3","-1.2"
"USW00025379","SITKA 1 NE, AK US","2024-02-09",,"4.6","-0.4"
"USW00025379","SITKA 1 NE, AK US","2024-02-10",,"4.9","0.6"
"USW00025379","SITKA 1 NE, AK US","2024-02-11",,"4.6","-0.4"
"USW00025379","SITKA 1 NE, AK US","2024-02-12",,"4.7","-0.9"
"USW00025379","SITKA 1 NE, AK US","2024-02-13",,"3.7","-2.1"
"USW00025379","SITKA 1 NE, AK US","2024-02-14",,"2.9","-3.0"
"USW00025379","SITKA 1 NE, AK US","2024-02-15",,"5.1","-2.8"
"USW00025379","SITKA 1 NE, AK US","2024-02-16",,"9.6","-2.5"
"USW00025379","SITKA 1 NE, AK US","2024-02-17",,"9.7","6.3"
"USW00025379","SITKA 1 NE, AK US","2024-02-18",,"9.2","4.2"
"USW00025379","SITKA 1 NE, AK US","2024-02-19",,"7.4","4.1"
"USW00025379","SITKA 1 NE, AK US","2024-02-20",,"5.4","0.2"
"USW00025379","SITKA 1 NE, AK US","2024-02-21",,"6.7","1.3"
"USW00025379","SITKA 1 NE, AK US","2024-02-22",,"5.6","2.5"
"USW00025379","SITKA 1 NE, AK US","2024-02-23",,"2.6","-0.5"
"USW00025379","SITKA 1 NE, AK US","2024-02-24",,"2.9","-1.5"
"USW00025379","SITKA 1 NE, AK US","2024-02-25",,"0.8","-3.2"
"USW00025379","SITKA 1 NE, AK US","2024-02-26",,"-1.4","-7.4"
"USW00025379","SITKA 1 NE, AK US","2024-02-27",,"1.6","-4.5"
"USW00025379","SITKA 1 NE, AK US","2024-02-28",,"1.1","-1.8"
"USW00025379","SITKA 1 NE, AK US","2024-02-29",,"2.1","-2.8"
"USW00025379","SITKA 1 NE, AK US","2024-03-01",,"0.8","-4.9"
"USW00025379","SITKA 1 NE, AK US","2024-03-02",,"-2.9","-9.4"
"USW00025379","SITKA 1 NE, AK US","2024-03-03",,"-4.8","-11.4"
"USW00025379","SITKA 1 NE, AK US","2024-03-04",,"-1.3","-11.7"
"USW00025379","SITKA 1 NE, AK US","2024-03-05",,"1.9","-5.7"
"USW00025379","SITKA 1 NE, AK US","2024-03-06",,"3.6","0.1"
"USW00025379","SITKA 1 NE, AK US","2024-03-07",,"4.7","0.1"
"USW00025379","SITKA 1 NE, AK US","2024-03-08",,"4.4","1.5"
"USW00025379","SITKA 1 NE, AK US","2024-03-09",,"5.9","-0.9"
"USW00025379","SITKA 1 NE, AK US","2024-03-10",,"4.4","0.0"
"USW00025379","SITKA 1 NE, AK US","2024-03-11",,"4.5","-0.7"
"USW00025379","SITKA 1 NE, AK US","2024-03-12",,"5.6","0.1"
"USW00025379","SITKA 1 NE, AK US","2024-03-13",,"8.6","0.1"
"USW00025379","SITKA 1 NE, AK US","2024-03-14",,"8.2","2.9"
"USW00025379","SITKA 1 NE, AK US","2024-03-15",,"8.0","2.9"
"USW00025379","SITKA 1 NE, AK US","2024-03-16",,"12.2","3.5"
"USW00025379","SITKA 1 NE, AK US","2024-03-17",,"8.0","3.7"
"USW00025379","SITKA 1 NE, AK US","2024-03-18",,"8.2","2.6"
"USW00025379","SITKA 1 NE, AK US","2024-03-19",,"11.5","-0.4"
"USW00025379","SITKA 1 NE, AK US","2024-03-20",,"12.8","-1.3"
"USW00025379","SITKA 1 NE, AK US","2024-03-21",,"8.2","-2.3"
"USW00025379","SITKA 1 NE, AK US","2024-03-22",,"9.0","-2.2"
"USW00025379","SITKA 1 NE, AK US","2024-03-23",,"8.7","-2.2"
"USW00025379","SITKA 1 NE, AK US","2024-03-24",,"8.2","-1.9"
"USW00025379","SITKA 1 NE, AK US","2024-03-25",,"7.3","3.8"
"USW00025379","SITKA 1 NE, AK US","2024-03-26",,"7.9","1.6"
"USW00025379","SITKA 1 NE, AK US","2024-03-27",,"11.7","-0.4"
"USW00025379","SITKA 1 NE, AK US","2024-03-28",,"12.1","-1.0"
"USW00025379","SITKA 1 NE, AK US","2024-03-29",,"8.0","-0.9"
"USW00025379","SITKA 1 NE, AK US","2024-03-30",,"9.5","2.1"
"USW00025379","SITKA 1 NE, AK US","2024-03-31",,"6.7","-0.2"
"USW00025379","SITKA 1 NE, AK US","2024-04-01",,"7.7","0.2"
"USW00025379","SITKA 1 NE, AK US","2024-04-02",,"6.5","-0.4"
"USW00025379","SITKA 1 NE, AK US","2024-04-03",,"8.7","-2.4"
"USW00025379","SITKA 1 NE, AK US","2024-04-04",,"7.3","-0.6"
"USW00025379","SITKA 1 NE, AK US","2024-04-05",,"5.5","2.2"
"USW00025379","SITKA 1 NE, AK US","2024-04-06",,"4.7","0.2"
"USW00025379","SITKA 1 NE, AK US","2024-04-07",,"4.7","0.5"
"USW00025379","SITKA 1 NE, AK US","2024-04-08",,"5.2","0.6"
"USW00025379","SITKA 1 NE, AK US","2024-04-09",,"8.5","0.9"
"USW00025379","SITKA 1 NE, AK US","2024-04-10",,"7.4","0.1"
"USW00025379","SITKA 1 NE, AK US","2024-04-11",,"8.6","-1.4"
"USW00025379","SITKA 1 NE, AK US","2024-04-12",,"3.2","-0.4"
"USW00025379","SITKA 1 NE, AK US","2024-04-13",,"4.7","0.9"
"USW00025379","SITKA 1 NE, AK US","2024-04-14",,"6.9","-1.1"
"USW00025379","SITKA 1 NE, AK US","2024-04-15",,"11.3","-2.0"
"USW00025379","SITKA 1 NE, AK US","2024-04-16",,"11.0","-2.1"
"USW00025379","SITKA 1 NE, AK US","2024-04-17",,"12.8","-2.1"
"USW00025379","SITKA 1 NE, AK US","2024-04-18",,"17.4","1.3"
"USW00025379","SITKA 1 NE, AK US","2024-04-19",,"18.3","2.8"
"USW00025379","SITKA 1 NE, AK US","2024-04-20",,"17.3","0.9"
"USW00025379","SITKA 1 NE, AK US","2024-04-21",,"12.9","2.2"
"USW00025379","SITKA 1 NE, AK US","2024-04-22",,"9.5","3.4"
"USW00025379","SITKA 1 NE, AK US","2024-04-23",,"13.5","2.4"
"USW00025379","SITKA 1 NE, AK US","2024-04-24",,"11.6","1.6"
"USW00025379","SITKA 1 NE, AK US","2024-04-25",,"12.9","1.0"
"USW00025379","SITKA 1 NE, AK US","2024-04-26",,"13.7","0.2"
"USW00025379","SITKA 1 NE, AK US","2024-04-27",,"12.7","3.5"
"USW00025379","SITKA 1 NE, AK US","2024-04-28",,"12.0","2.3"
"USW00025379","SITKA 1 NE, AK US","2024-04-29",,"12.1","0.6"
"USW00025379","SITKA 1 NE, AK US","2024-04-30",,"12.5","2.3"
"USW00025379","SITKA 1 NE, AK US","2024-05-01",,"12.2","0.3"
"USW00025379","SITKA 1 NE, AK US","2024-05-02",,"16.5","0.8"
"USW00025379","SITKA 1 NE, AK US","2024-05-03",,"21.5","4.3"
"USW00025379","SITKA 1 NE, AK US","2024-05-04",,"17.4","4.0"
"USW00025379","SITKA 1 NE, AK US","2024-05-05",,"8.8","2.5"
"USW00025379","SITKA 1 NE, AK US","2024-05-06",,"9.1","2.5"
"USW00025379","SITKA 1 NE, AK US","2024-05-07",,"9.4","3.6"
"USW00025379","SITKA 1 NE, AK US","2024-05-08",,"8.4","4.9"
"USW00025379","SITKA 1 NE, AK US","2024-05-09",,"10.2","5.4"
"USW00025379","SITKA 1 NE, AK US","2024-05-10",,"10.0","2.7"
"USW00025379","SITKA 1 NE, AK US","2024-05-11",,"10.7","2.0"
"USW00025379","SITKA 1 NE, AK US","2024-05-12",,"7.8","4.3"
"USW00025379","SITKA 1 NE, AK US","2024-05-13",,"7.1","3.9"
"USW00025379","SITKA 1 NE, AK US","2024-05-14",,"8.0","5.1"
"USW00025379","SITKA 1 NE, AK US","2024-05-15",,"10.2","4.6"
"USW00025379","SITKA 1 NE, AK US","2024-05-16",,"10.0","4.5"
"USW00025379","SITKA 1 NE, AK US","2024-05-17",,"10.8","2.1"
"USW00025379","SITKA 1 NE, AK US","2024-05-18",,"10.6","0.6"
"USW00025379","SITKA 1 NE, AK US","2024-05-19",,"10.0","3.4"
"USW00025379","SITKA 1 NE, AK US","2024-05-20",,"6.6","4.1"
"USW00025379","SITKA 1 NE, AK US","2024-05-21",,"13.4","0.7"
"USW00025379","SITKA 1 NE, AK US","2024-05-22",,"11.0","1.9"
"USW00025379","SITKA 1 NE, AK US","2024-05-23",,"9.3","5.3"
"USW00025333","SITKA AIRPORT, AK US","2024-01-01",,"7.8","3.3"
"USW00025333","SITKA AIRPORT, AK US","2024-01-02",,"7.2","3.9"
"USW00025333","SITKA AIRPORT, AK US","2024-01-03",,"8.9","4.4"
"USW00025333","SITKA AIRPORT, AK US","2024-01-04",,"7.8","3.3"
"USW00025333","SITKA AIRPORT, AK US","2024-01-05",,"5.0","-0.5"
"USW00025333","SITKA AIRPORT, AK US","2024-01-06",,"3.9","-0.5"
"USW00025333","SITKA AIRPORT, AK US","2024-01-07",,"5.6","1.1"
"USW00025333","SITKA AIRPORT, AK US","2024-01-08",,"5.0","0.0"
"USW00025333","SITKA AIRPORT, AK US","2024-01-09",,"2.8","-1.0"
"USW00025333","SITKA AIRPORT, AK US","2024-01-10",,"2.8","-3.8"
"USW00025333","SITKA AIRPORT, AK US","2024-01-11",,"-3.8","-7.7"
"USW00025333","SITKA AIRPORT, AK US","2024-01-12",,"-3.2","-8.8"
"USW00025333","SITKA AIRPORT, AK US","2024-01-13",,"1.7","-3.2"
"USW00025333","SITKA AIRPORT, AK US","2024-01-14",,"6.1","1.1"
"USW00025333","SITKA AIRPORT, AK US","2024-01-15",,"5.0","2.2"
"USW00025333","SITKA AIRPORT, AK US","2024-01-16",,"5.0","-0.5"
"USW00025333","SITKA AIRPORT, AK US","2024-01-17",,"3.9","-0.5"
"USW00025333","SITKA AIRPORT, AK US","2024-01-18",,"2.2","-1.6"
"USW00025333","SITKA AIRPORT, AK US","2024-01-19",,"4.4","0.6"
"USW00025333","SITKA AIRPORT, AK US","2024-01-20",,"3.3","0.6"
"USW00025333","SITKA AIRPORT, AK US","2024-01-21",,"3.9","0.6"
"USW00025333","SITKA AIRPORT, AK US","2024-01-22",,"7.8","3.9"
"USW00025333","SITKA AIRPORT, AK US","2024-01-23",,"8.3","5.0"
"USW00025333","SITKA AIRPORT, AK US","2024-01-24",,"6.1","3.9"
"USW00025333","SITKA AIRPORT, AK US","2024-01-25",,"6.1","3.9"
"USW00025333","SITKA AIRPORT, AK US","2024-01-26",,"9.4","5.0"
"USW00025333","SITKA AIRPORT, AK US","2024-01-27",,"8.9","6.7"
"USW00025333","SITKA AIRPORT, AK US","2024-01-28",,"12.2","7.2"
"USW00025333","SITKA AIRPORT, AK US","2024-01-29",,"11.1","7.2"
"USW00025333","SITKA AIRPORT, AK US","2024-01-30",,"8.3","1.7"
"USW00025333","SITKA AIRPORT, AK US","2024-01-31",,"3.3","0.6"
"USW00025333","SITKA AIRPORT, AK US","2024-02-01",,"2.2","-1.6"
"USW00025333","SITKA AIRPORT, AK US","2024-02-02",,"1.7","-3.8"
"USW00025333","SITKA AIRPORT, AK US","2024-02-03",,"6.1","-1.0"
"USW00025333","SITKA AIRPORT, AK US","2024-02-04",,"5.6","2.8"
"USW00025333","SITKA AIRPORT, AK US","2024-02-05",,"5.0","1.1"
"USW00025333","SITKA AIRPORT, AK US","2024-02-06",,"3.9","-1.0"
"USW00025333","SITKA AIRPORT, AK US","2024-02-07",,"3.9","-2.1"
"USW00025333","SITKA AIRPORT, AK US","2024-02-08",,"5.0","1.1"
"USW00025333","SITKA AIRPORT, AK US","2024-02-09",,"7.2","2.8"
"USW00025333","SITKA AIRPORT, AK US","2024-02-10",,"7.2","3.9"
"USW00025333","SITKA AIRPORT, AK US","2024-02-11",,"7.2","2.2"
"USW00025333","SITKA AIRPORT, AK US","2024-02-12",,"7.2","0.6"
"USW00025333","SITKA AIRPORT, AK US","2024-02-13",,"6.7","-0.5"
"USW00025333","SITKA AIRPORT, AK US","2024-02-14",,"7.8","-1.0"
"USW00025333","SITKA AIRPORT, AK US","2024-02-15",,"8.3","-0.5"
"USW00025333","SITKA AIRPORT, AK US","2024-02-16",,"11.7","0.0"
"USW00025333","SITKA AIRPORT, AK US","2024-02-17",,"11.7","8.9"
"USW00025333","SITKA AIRPORT, AK US","2024-02-18",,"9.4","6.1"
"USW00025333","SITKA AIRPORT, AK US","2024-02-19",,"7.8","6.1"
"USW00025333","SITKA AIRPORT, AK US","2024-02-20",,"6.7","3.3"
"USW00025333","SITKA AIRPORT, AK US","2024-02-21",,"7.8","4.4"
"USW00025333","SITKA AIRPORT, AK US","2024-02-22",,"6.7","5.0"
"USW00025333","SITKA AIRPORT, AK US","2024-02-23",,"5.0","1.1"
"USW00025333","SITKA AIRPORT, AK US","2024-02-24",,"3.9","0.0"
"USW00025333","SITKA AIRPORT, AK US","2024-02-25",,"2.8","-1.0"
"USW00025333","SITKA AIRPORT, AK US","2024-02-26",,"-0.5","-4.9"
"USW00025333","SITKA AIRPORT, AK US","2024-02-27",,"2.2","-3.2"
"USW00025333","SITKA AIRPORT, AK US","2024-02-28",,"3.9","1.1"
"USW00025333","SITKA AIRPORT, AK US","2024-02-29",,"3.3","0.0"
"USW00025333","SITKA AIRPORT, AK US","2024-03-01",,"2.8","-3.2"
"USW00025333","SITKA AIRPORT, AK US","2024-03-02",,"-2.1","-7.7"
"USW00025333","SITKA AIRPORT, AK US","2024-03-03",,"-3.2","-9.3"
"USW00025333","SITKA AIRPORT, AK US","2024-03-04",,"0.0","-8.8"
"USW00025333","SITKA AIRPORT, AK US","2024-03-05",,"3.3","-3.2"
"USW00025333","SITKA AIRPORT, AK US","2024-03-06",,"3.9","1.1"
"USW00025333","SITKA AIRPORT, AK US","2024-03-07",,"6.1","2.2"
"USW00025333","SITKA AIRPORT, AK US","2024-03-08",,"6.7","3.9"
"USW00025333","SITKA AIRPORT, AK US","2024-03-09",,"6.7","2.2"
"USW00025333","SITKA AIRPORT, AK US","2024-03-10",,"6.1","1.1"
"USW00025333","SITKA AIRPORT, AK US","2024-03-11",,"6.7","1.1"
"USW00025333","SITKA AIRPORT, AK US","2024-03-12",,"7.2","1.7"
"USW00025333","SITKA AIRPORT, AK US","2024-03-13",,"10.6","2.2"
"USW00025333","SITKA AIRPORT, AK US","2024-03-14",,"9.4","5.0"
"USW00025333","SITKA AIRPORT, AK US","2024-03-15",,"10.0","5.0"
"USW00025333","SITKA AIRPORT, AK US","2024-03-16",,"12.2","6.1"
"USW00025333","SITKA AIRPORT, AK US","2024-03-17",,"8.3","5.6"
"USW00025333","SITKA AIRPORT, AK US","2024-03-18",,"8.9","5.0"
"USW00025333","SITKA AIRPORT, AK US","2024-03-19",,"13.3","1.7"
"USW00025333","SITKA AIRPORT, AK US","2024-03-20",,"12.8","3.3"
"USW00025333","SITKA AIRPORT, AK US","2024-03-21",,"8.9","1.1"
"USW00025333","SITKA AIRPORT, AK US","2024-03-22",,"9.4","0.6"
"USW00025333","SITKA AIRPORT, AK US","2024-03-23",,"8.3","1.1"
"USW00025333","SITKA AIRPORT, AK US","2024-03-24",,"7.8","2.2"
"USW00025333","SITKA AIRPORT, AK US","2024-03-25",,"8.3","6.1"
"USW00025333","SITKA AIRPORT, AK US","2024-03-26",,"8.9","4.4"
"USW00025333","SITKA AIRPORT, AK US","2024-03-27",,"11.7","2.2"
"USW00025333","SITKA AIRPORT, AK US","2024-03-28",,"12.2","2.2"
"USW00025333","SITKA AIRPORT, AK US","2024-03-29",,"8.9","3.3"
"USW00025333","SITKA AIRPORT, AK US","2024-03-30",,"9.4","3.9"
"USW00025333","SITKA AIRPORT, AK US","2024-03-31",,"8.3","2.8"
"USW00025333","SITKA AIRPORT, AK US","2024-04-01",,"8.9","2.8"
"USW00025333","SITKA AIRPORT, AK US","2024-04-02",,"7.2","2.8"
"USW00025333","SITKA AIRPORT, AK US","2024-04-03",,"8.9","0.0"
"USW00025333","SITKA AIRPORT, AK US","2024-04-04",,"7.8","2.2"
"USW00025333","SITKA AIRPORT, AK US","2024-04-05",,"6.7","3.9"
"USW00025333","SITKA AIRPORT, AK US","2024-04-06",,"6.1","1.7"
"USW00025333","SITKA AIRPORT, AK US","2024-04-07",,"6.1","2.8"
"USW00025333","SITKA AIRPORT, AK US","2024-04-08",,"6.7","2.8"
"USW00025333","SITKA AIRPORT, AK US","2024-04-09",,"8.3","2.8"
"USW00025333","SITKA AIRPORT, AK US","2024-04-10",,"8.3","1.1"
"USW00025333","SITKA AIRPORT, AK US","2024-04-11",,"7.8","0.0"
"USW00025333","SITKA AIRPORT, AK US","2024-04-12",,"6.7","1.7"
"USW00025333","SITKA AIRPORT, AK US","2024-04-13",,"6.7","3.3"
"USW00025333","SITKA AIRPORT, AK US","2024-04-14",,"7.2","1.1"
"USW00025333","SITKA AIRPORT, AK US","2024-04-15",,"10.6","0.0"
"USW00025333","SITKA AIRPORT, AK US","2024-04-16",,"10.6","0.6"
"USW00025333","SITKA AIRPORT, AK US","2024-04-17",,"11.7","1.1"
"USW00025333","SITKA AIRPORT, AK US","2024-04-18",,"18.3","5.0"
"USW00025333","SITKA AIRPORT, AK US","2024-04-19",,"18.3","6.7"
"USW00025333","SITKA AIRPORT, AK US","2024-04-20",,"17.2","5.0"
"USW00025333","SITKA AIRPORT, AK US","2024-04-21",,"12.8","6.7"
"USW00025333","SITKA AIRPORT, AK US","2024-04-22",,"10.0","5.6"
"USW00025333","SITKA AIRPORT, AK US","2024-04-23",,"12.8","6.1"
"USW00025333","SITKA AIRPORT, AK US","2024-04-24",,"10.0","5.0"
"USW00025333","SITKA AIRPORT, AK US","2024-04-25",,"12.2","4.4"
"USW00025333","SITKA AIRPORT, AK US","2024-04-26",,"13.3","4.4"
"USW00025333","SITKA AIRPORT, AK US","2024-04-27",,"13.3","7.8"
"USW00025333","SITKA AIRPORT, AK US","2024-04-28",,"10.6","6.1"
"USW00025333","SITKA AIRPORT, AK US","2024-04-29",,"12.2","4.4"
"USW00025333","SITKA AIRPORT, AK US","2024-04-30",,"12.8","6.1"
"USW00025333","SITKA AIRPORT, AK US","2024-05-01",,"11.1","4.4"
"USW00025333","SITKA AIRPORT, AK US","2024-05-02",,"16.1","5.0"
"USW00025333","SITKA AIRPORT, AK US","2024-05-03",,"21.7","8.3"
"USW00025333","SITKA AIRPORT, AK US","2024-05-04",,"15.6","7.8"
"USW00025333","SITKA AIRPORT, AK US","2024-05-05",,"10.0","5.0"
"USW00025333","SITKA AIRPORT, AK US","2024-05-06",,"10.0","5.0"
"USW00025333","SITKA AIRPORT, AK US","2024-05-07",,"9.4","6.1"
"USW00025333","SITKA AIRPORT, AK US","2024-05-08",,"9.4","6.7"
"USW00025333","SITKA AIRPORT, AK US","2024-05-09",,"12.2","7.2"
"USW00025333","SITKA AIRPORT, AK US","2024-05-10",,"10.6","5.6"
"USW00025333","SITKA AIRPORT, AK US","2024-05-11",,"9.4","5.0"
"USW00025333","SITKA AIRPORT, AK US","2024-05-12",,"9.4","6.1"
"USW00025333","SITKA AIRPORT, AK US","2024-05-13",,"8.3","6.1"
"USW00025333","SITKA AIRPORT, AK US","2024-05-14",,"8.9","6.7"
"USW00025333","SITKA AIRPORT, AK US","2024-05-15",,"10.0","6.7"
"USW00025333","SITKA AIRPORT, AK US","2024-05-16",,"10.0","6.7"
"USW00025333","SITKA AIRPORT, AK US","2024-05-17",,"10.6","6.1"
"USW00025333","SITKA AIRPORT, AK US","2024-05-18",,"13.3","3.9"
"USW00025333","SITKA AIRPORT, AK US","2024-05-19",,"10.0","6.7"
"USW00025333","SITKA AIRPORT, AK US","2024-05-20",,"7.8","5.6"
"USW00025333","SITKA AIRPORT, AK US","2024-05-21",,"13.3","2.8"
"USW00025333","SITKA AIRPORT, AK US","2024-05-22",,"11.7","5.6"
"USW00025333","SITKA AIRPORT, AK US","2024-05-23",,"10.0","7.2"
